<?xml version="1.0" encoding="UTF-8"?>

<CodeSystem xmlns="http://hl7.org/fhir">
  <id value="botswana-amr-local-method-cs"/>
  <text>
    <status value="generated"/><div xmlns="http://www.w3.org/1999/xhtml"><p class="res-header-id"><b>Generated Narrative: CodeSystem botswana-amr-local-method-cs</b></p><a name="botswana-amr-local-method-cs"> </a><a name="hcbotswana-amr-local-method-cs"> </a><p>This  code system <code>http://bw.health.gov/fhir/ImplementationGuide/bw-amr-ig/CodeSystem/botswana-amr-local-method-cs</code> defines the following codes:</p><table class="codes"><tr><td style="white-space:nowrap"><b>Code</b></td><td><b>Display</b></td><td><b>Definition</b></td></tr><tr><td style="white-space:nowrap">vitek<a name="botswana-amr-local-method-cs-vitek"> </a></td><td>Vitek automated system</td><td>bioMérieux Vitek automated identification and susceptibility testing system</td></tr><tr><td style="white-space:nowrap">phoenix<a name="botswana-amr-local-method-cs-phoenix"> </a></td><td>Phoenix automated system</td><td>BD Phoenix automated identification and susceptibility testing system</td></tr><tr><td style="white-space:nowrap">api<a name="botswana-amr-local-method-cs-api"> </a></td><td>API biochemical strips</td><td>bioMérieux API manual biochemical identification strips</td></tr><tr><td style="white-space:nowrap">manual<a name="botswana-amr-local-method-cs-manual"> </a></td><td>Manual biochemical testing</td><td>Traditional manual biochemical identification methods</td></tr></table></div>
  </text>
  <url value="http://bw.health.gov/fhir/ImplementationGuide/bw-amr-ig/CodeSystem/botswana-amr-local-method-cs"/>
  <version value="0.1.0"/>
  <name value="BotswanaAMRLocalMethodCS"/>
  <title value="Botswana AMR Local Identification Method Codes"/>
  <status value="draft"/>
  <date value="2025-07-09T10:14:37-04:00"/>
  <publisher value="University of Botswana Partnership"/>
  <contact>
    <name value="University of Botswana Partnership"/>
    <telecom>
      <system value="url"/>
      <value value="https://github.com/Dokotela/bw-amr-ig"/>
    </telecom>
  </contact>
  <description value="Local codes for identification methods used in Botswana AMR surveillance"/>
  <content value="complete"/>
  <count value="4"/>
  <concept>
    <code value="vitek"/>
    <display value="Vitek automated system"/>
    <definition value="bioMérieux Vitek automated identification and susceptibility testing system"/>
  </concept>
  <concept>
    <code value="phoenix"/>
    <display value="Phoenix automated system"/>
    <definition value="BD Phoenix automated identification and susceptibility testing system"/>
  </concept>
  <concept>
    <code value="api"/>
    <display value="API biochemical strips"/>
    <definition value="bioMérieux API manual biochemical identification strips"/>
  </concept>
  <concept>
    <code value="manual"/>
    <display value="Manual biochemical testing"/>
    <definition value="Traditional manual biochemical identification methods"/>
  </concept>
</CodeSystem>