{
  "codeSystems" : [
    {
      "url" : "http://bw.health.gov/fhir/ImplementationGuide/bw-amr-ig/CodeSystem/botswana-amr-local-method-cs",
      "version" : "0.1.0",
      "status" : "draft",
      "name" : "BotswanaAMRLocalMethodCS",
      "title" : "Botswana AMR Local Identification Method Codes",
      "description" : "Local codes for identification methods used in Botswana AMR surveillance",
      "uses" : {
      },
      "ValueSet-botswana-amr-identification-method-vs.html" : "Botswana AMR Organism Identification Methods"
    },
    {
      "url" : "http://bw.health.gov/fhir/ImplementationGuide/bw-amr-ig/CodeSystem/botswana-amr-local-organism-cs",
      "version" : "0.1.0",
      "status" : "draft",
      "name" : "BotswanaAMRLocalOrganismCS",
      "title" : "Botswana AMR Local Organism Codes",
      "description" : "Local codes for organism combinations and complex designations used in Botswana AMR surveillance",
      "uses" : {
      },
      "ValueSet-botswana-amr-organism-vs.html" : "Botswana AMR Organism ValueSet"
    },
    {
      "url" : "http://loinc.org",
      "version" : "3.1.0",
      "status" : "active",
      "name" : "LOINC",
      "title" : "Logical Observation Identifiers, Names and Codes (LOINC)",
      "description" : "LOINC provides a set of universal names and ID codes for identifying laboratory and clinical test results.1,2 LOINC facilitates the exchange and pooling of results, such as blood hemoglobin, serum potassium, or vital signs, for clinical care, outcomes management, and research. LOINC's universal identifiers (names and codes) can be used in the context of order and observation exchanges between information systems that use syntax standards such as HL73, CEN TC251, ISO TC215, ASTM4, and DICOM. Specifically, the identifier can be used as the coded value for an observation in any other standard that uses the observation/observation value paradigm, whether messages, documents, application programming interface (API), etc. For example, LOINC codes are used widely in the OBX segment Observation Identifier field (OBX-3) of an ORU HL7 (HL7 version 2.x or ASTM 1238-9410) message that may be sent between a Clinical Laboratory Information Management Systems (LIMS) and Electronic Health Record Systems (EHR).5, 6 In this way, LOINC codes provide universal identifiers that allow the exchange of clinical data between heterogeneous computing environments.",
      "oids" : ["2.16.840.1.113883.6.1"],
      "uses" : {
      },
      "ValueSet-botswana-amr-antibiotic-susceptibility-loinc.html" : "Botswana AMR Antibiotic Susceptibility LOINC",
      "ValueSet-botswana-amr-special-test-vs.html" : "Botswana AMR Special Tests"
    },
    {
      "url" : "http://snomed.info/sct",
      "version" : null,
      "status" : "active",
      "name" : "SNOMED_CT",
      "title" : "SNOMED CT (all versions)",
      "description" : "SNOMED CT is the most comprehensive and precise clinical health terminology product in the world, owned and distributed around the world by The International Health Terminology Standards Development Organisation (IHTSDO).",
      "oids" : ["2.16.840.1.113883.6.96"],
      "uses" : {
      },
      "ValueSet-botswana-amr-test-result-status-vs.html" : "Botswana AMR Test Result Status",
      "ValueSet-botswana-amr-identification-method-vs.html" : "Botswana AMR Organism Identification Methods",
      "ValueSet-botswana-amr-organism-vs.html" : "Botswana AMR Organism ValueSet",
      "ValueSet-botswana-amr-specimen-site-vs.html" : "Botswana AMR Specimen Collection Sites",
      "ValueSet-botswana-amr-gram-stain-result-vs.html" : "Botswana AMR Gram Stain Results"
    },
    {
      "url" : "http://terminology.hl7.org/CodeSystem/v3-ObservationInterpretation",
      "version" : "3.0.0",
      "status" : "active",
      "name" : "ObservationInterpretation",
      "title" : "ObservationInterpretation",
      "description" : "One or more codes providing a rough qualitative interpretation of the observation, such as \"normal\" / \"abnormal\", \"low\" / \"high\", \"better\" / \"worse\", \"resistant\" / \"susceptible\", \"expected\" / \"not expected\". The value set is intended to be for ANY use where coded representation of an interpretation is needed.",
      "oids" : ["2.16.840.1.113883.5.83"],
      "uses" : {
      },
      "ValueSet-botswana-amr-interpretation.html" : "Botswana AMR Interpretation"
    },
    {
      "url" : "http://terminology.hl7.org/CodeSystem/v3-SpecimenType",
      "version" : "3.0.0",
      "status" : "active",
      "name" : "SpecimenType",
      "title" : "SpecimenType",
      "description" : "**** MISSING DESCRIPTION ****",
      "oids" : ["2.16.840.1.113883.5.129"],
      "uses" : {
      },
      "ValueSet-botswana-amr-specimen-type-vs.html" : "Botswana AMR Specimen Type VS"
    }
  ]
}
