<?xml version="1.0" encoding="UTF-8"?>

<Bundle xmlns="http://hl7.org/fhir">
  <id value="28c6faf3-d9c0-45ce-bdd4-422bca12a9af"/>
  <meta>
    <lastUpdated value="2025-06-17T17:21:45.824-04:00"/>
  </meta>
  <type value="collection"/>
  <entry>
    <fullUrl value="http://example.org/fhir/ImplementationGuide/bw-amr-ig/ValueSet/botswana-amr-antibiotic-susceptibility-loinc"/>
    <resource>
      <ValueSet>
        <text>
          <status value="generated"/>
          <div xmlns="http://www.w3.org/1999/xhtml">
            <p class="res-header-id"/>
            <p style="border: black 1px dotted; background-color: #EEEEEE; padding: 8px; margin-bottom: 8px">Expansion from tx.fhir.org based on Loinc v2.80</p>
            <p>This value set contains 40 concepts</p>
            <table class="codes">
              <tr>
                <td style="white-space:nowrap">
                  <b>Code</b>
                </td>
                <td>
                  <b>System</b>
                </td>
                <td>
                  <b>Display (en-US)</b>
                </td>
              </tr>
              <tr>
                <td style="white-space:nowrap">
                  <a name="x-http://loinc.org-50545-3"> </a>  
                  <a href="https://loinc.org/50545-3/">50545-3</a>
                </td>
                <td>http://loinc.org</td>
                <td>Bacterial susceptibility panel by Minimum inhibitory concentration (MIC)</td>
              </tr>
              <tr>
                <td style="white-space:nowrap">
                  <a name="x-http://loinc.org-12-5"> </a>  
                  <a href="https://loinc.org/12-5/">12-5</a>
                </td>
                <td>http://loinc.org</td>
                <td>Amikacin [Susceptibility] by Minimum inhibitory concentration (MIC)</td>
              </tr>
              <tr>
                <td style="white-space:nowrap">
                  <a name="x-http://loinc.org-20-8"> </a>  
                  <a href="https://loinc.org/20-8/">20-8</a>
                </td>
                <td>http://loinc.org</td>
                <td>Amoxicillin+Clavulanate [Susceptibility] by Minimum inhibitory concentration (MIC)</td>
              </tr>
              <tr>
                <td style="white-space:nowrap">
                  <a name="x-http://loinc.org-28-1"> </a>  
                  <a href="https://loinc.org/28-1/">28-1</a>
                </td>
                <td>http://loinc.org</td>
                <td>Ampicillin [Susceptibility] by Minimum inhibitory concentration (MIC)</td>
              </tr>
              <tr>
                <td style="white-space:nowrap">
                  <a name="x-http://loinc.org-32-3"> </a>  
                  <a href="https://loinc.org/32-3/">32-3</a>
                </td>
                <td>http://loinc.org</td>
                <td>Ampicillin+Sulbactam [Susceptibility] by Minimum inhibitory concentration (MIC)</td>
              </tr>
              <tr>
                <td style="white-space:nowrap">
                  <a name="x-http://loinc.org-36-4"> </a>  
                  <a href="https://loinc.org/36-4/">36-4</a>
                </td>
                <td>http://loinc.org</td>
                <td>Azithromycin [Susceptibility] by Minimum inhibitory concentration (MIC)</td>
              </tr>
              <tr>
                <td style="white-space:nowrap">
                  <a name="x-http://loinc.org-44-8"> </a>  
                  <a href="https://loinc.org/44-8/">44-8</a>
                </td>
                <td>http://loinc.org</td>
                <td>Aztreonam [Susceptibility] by Minimum inhibitory concentration (MIC)</td>
              </tr>
              <tr>
                <td style="white-space:nowrap">
                  <a name="x-http://loinc.org-76-0"> </a>  
                  <a href="https://loinc.org/76-0/">76-0</a>
                </td>
                <td>http://loinc.org</td>
                <td>ceFAZolin [Susceptibility] by Minimum inhibitory concentration (MIC)</td>
              </tr>
              <tr>
                <td style="white-space:nowrap">
                  <a name="x-http://loinc.org-6644-9"> </a>  
                  <a href="https://loinc.org/6644-9/">6644-9</a>
                </td>
                <td>http://loinc.org</td>
                <td>Cefepime [Susceptibility] by Minimum inhibitory concentration (MIC)</td>
              </tr>
              <tr>
                <td style="white-space:nowrap">
                  <a name="x-http://loinc.org-108-1"> </a>  
                  <a href="https://loinc.org/108-1/">108-1</a>
                </td>
                <td>http://loinc.org</td>
                <td>Cefotaxime [Susceptibility] by Minimum inhibitory concentration (MIC)</td>
              </tr>
              <tr>
                <td style="white-space:nowrap">
                  <a name="x-http://loinc.org-112-3"> </a>  
                  <a href="https://loinc.org/112-3/">112-3</a>
                </td>
                <td>http://loinc.org</td>
                <td>cefoTEtan [Susceptibility] by Minimum inhibitory concentration (MIC)</td>
              </tr>
              <tr>
                <td style="white-space:nowrap">
                  <a name="x-http://loinc.org-116-4"> </a>  
                  <a href="https://loinc.org/116-4/">116-4</a>
                </td>
                <td>http://loinc.org</td>
                <td>cefOXitin [Susceptibility] by Minimum inhibitory concentration (MIC)</td>
              </tr>
              <tr>
                <td style="white-space:nowrap">
                  <a name="x-http://loinc.org-133-9"> </a>  
                  <a href="https://loinc.org/133-9/">133-9</a>
                </td>
                <td>http://loinc.org</td>
                <td>cefTAZidime [Susceptibility] by Minimum inhibitory concentration (MIC)</td>
              </tr>
              <tr>
                <td style="white-space:nowrap">
                  <a name="x-http://loinc.org-141-2"> </a>  
                  <a href="https://loinc.org/141-2/">141-2</a>
                </td>
                <td>http://loinc.org</td>
                <td>cefTRIAXone [Susceptibility] by Minimum inhibitory concentration (MIC)</td>
              </tr>
              <tr>
                <td style="white-space:nowrap">
                  <a name="x-http://loinc.org-145-3"> </a>  
                  <a href="https://loinc.org/145-3/">145-3</a>
                </td>
                <td>http://loinc.org</td>
                <td>Cefuroxime Parenteral [Susceptibility] by Minimum inhibitory concentration (MIC)</td>
              </tr>
              <tr>
                <td style="white-space:nowrap">
                  <a name="x-http://loinc.org-161-0"> </a>  
                  <a href="https://loinc.org/161-0/">161-0</a>
                </td>
                <td>http://loinc.org</td>
                <td>Cephalothin [Susceptibility] by Minimum inhibitory concentration (MIC)</td>
              </tr>
              <tr>
                <td style="white-space:nowrap">
                  <a name="x-http://loinc.org-173-5"> </a>  
                  <a href="https://loinc.org/173-5/">173-5</a>
                </td>
                <td>http://loinc.org</td>
                <td>Chloramphenicol [Susceptibility] by Minimum inhibitory concentration (MIC)</td>
              </tr>
              <tr>
                <td style="white-space:nowrap">
                  <a name="x-http://loinc.org-185-9"> </a>  
                  <a href="https://loinc.org/185-9/">185-9</a>
                </td>
                <td>http://loinc.org</td>
                <td>Ciprofloxacin [Susceptibility] by Minimum inhibitory concentration (MIC)</td>
              </tr>
              <tr>
                <td style="white-space:nowrap">
                  <a name="x-http://loinc.org-193-3"> </a>  
                  <a href="https://loinc.org/193-3/">193-3</a>
                </td>
                <td>http://loinc.org</td>
                <td>Clindamycin [Susceptibility] by Minimum inhibitory concentration (MIC)</td>
              </tr>
              <tr>
                <td style="white-space:nowrap">
                  <a name="x-http://loinc.org-205-5"> </a>  
                  <a href="https://loinc.org/205-5/">205-5</a>
                </td>
                <td>http://loinc.org</td>
                <td>Colistin [Susceptibility] by Minimum inhibitory concentration (MIC)</td>
              </tr>
              <tr>
                <td style="white-space:nowrap">
                  <a name="x-http://loinc.org-35801-0"> </a>  
                  <a href="https://loinc.org/35801-0/">35801-0</a>
                </td>
                <td>http://loinc.org</td>
                <td>Ertapenem [Susceptibility] by Minimum inhibitory concentration (MIC)</td>
              </tr>
              <tr>
                <td style="white-space:nowrap">
                  <a name="x-http://loinc.org-233-7"> </a>  
                  <a href="https://loinc.org/233-7/">233-7</a>
                </td>
                <td>http://loinc.org</td>
                <td>Erythromycin [Susceptibility] by Minimum inhibitory concentration (MIC)</td>
              </tr>
              <tr>
                <td style="white-space:nowrap">
                  <a name="x-http://loinc.org-25653-7"> </a>  
                  <a href="https://loinc.org/25653-7/">25653-7</a>
                </td>
                <td>http://loinc.org</td>
                <td>Fosfomycin [Susceptibility] by Minimum inhibitory concentration (MIC)</td>
              </tr>
              <tr>
                <td style="white-space:nowrap">
                  <a name="x-http://loinc.org-262-6"> </a>  
                  <a href="https://loinc.org/262-6/">262-6</a>
                </td>
                <td>http://loinc.org</td>
                <td>Fusidate [Susceptibility] by Minimum inhibitory concentration (MIC)</td>
              </tr>
              <tr>
                <td style="white-space:nowrap">
                  <a name="x-http://loinc.org-267-5"> </a>  
                  <a href="https://loinc.org/267-5/">267-5</a>
                </td>
                <td>http://loinc.org</td>
                <td>Gentamicin [Susceptibility] by Minimum inhibitory concentration (MIC)</td>
              </tr>
              <tr>
                <td style="white-space:nowrap">
                  <a name="x-http://loinc.org-279-0"> </a>  
                  <a href="https://loinc.org/279-0/">279-0</a>
                </td>
                <td>http://loinc.org</td>
                <td>Imipenem [Susceptibility] by Minimum inhibitory concentration (MIC)</td>
              </tr>
              <tr>
                <td style="white-space:nowrap">
                  <a name="x-http://loinc.org-6652-2"> </a>  
                  <a href="https://loinc.org/6652-2/">6652-2</a>
                </td>
                <td>http://loinc.org</td>
                <td>Meropenem [Susceptibility] by Minimum inhibitory concentration (MIC)</td>
              </tr>
              <tr>
                <td style="white-space:nowrap">
                  <a name="x-http://loinc.org-363-2"> </a>  
                  <a href="https://loinc.org/363-2/">363-2</a>
                </td>
                <td>http://loinc.org</td>
                <td>Nitrofurantoin [Susceptibility] by Minimum inhibitory concentration (MIC)</td>
              </tr>
              <tr>
                <td style="white-space:nowrap">
                  <a name="x-http://loinc.org-371-5"> </a>  
                  <a href="https://loinc.org/371-5/">371-5</a>
                </td>
                <td>http://loinc.org</td>
                <td>Novobiocin [Susceptibility] by Minimum inhibitory concentration (MIC)</td>
              </tr>
              <tr>
                <td style="white-space:nowrap">
                  <a name="x-http://loinc.org-383-0"> </a>  
                  <a href="https://loinc.org/383-0/">383-0</a>
                </td>
                <td>http://loinc.org</td>
                <td>Oxacillin [Susceptibility] by Minimum inhibitory concentration (MIC)</td>
              </tr>
              <tr>
                <td style="white-space:nowrap">
                  <a name="x-http://loinc.org-6932-8"> </a>  
                  <a href="https://loinc.org/6932-8/">6932-8</a>
                </td>
                <td>http://loinc.org</td>
                <td>Penicillin [Susceptibility] by Minimum inhibitory concentration (MIC)</td>
              </tr>
              <tr>
                <td style="white-space:nowrap">
                  <a name="x-http://loinc.org-408-5"> </a>  
                  <a href="https://loinc.org/408-5/">408-5</a>
                </td>
                <td>http://loinc.org</td>
                <td>Piperacillin [Susceptibility] by Minimum inhibitory concentration (MIC)</td>
              </tr>
              <tr>
                <td style="white-space:nowrap">
                  <a name="x-http://loinc.org-412-7"> </a>  
                  <a href="https://loinc.org/412-7/">412-7</a>
                </td>
                <td>http://loinc.org</td>
                <td>Piperacillin+Tazobactam [Susceptibility] by Minimum inhibitory concentration (MIC)</td>
              </tr>
              <tr>
                <td style="white-space:nowrap">
                  <a name="x-http://loinc.org-496-0"> </a>  
                  <a href="https://loinc.org/496-0/">496-0</a>
                </td>
                <td>http://loinc.org</td>
                <td>Tetracycline [Susceptibility] by Minimum inhibitory concentration (MIC)</td>
              </tr>
              <tr>
                <td style="white-space:nowrap">
                  <a name="x-http://loinc.org-500-9"> </a>  
                  <a href="https://loinc.org/500-9/">500-9</a>
                </td>
                <td>http://loinc.org</td>
                <td>Ticarcillin [Susceptibility] by Minimum inhibitory concentration (MIC)</td>
              </tr>
              <tr>
                <td style="white-space:nowrap">
                  <a name="x-http://loinc.org-42355-8"> </a>  
                  <a href="https://loinc.org/42355-8/">42355-8</a>
                </td>
                <td>http://loinc.org</td>
                <td>Tigecycline [Susceptibility] by Minimum inhibitory concentration (MIC)</td>
              </tr>
              <tr>
                <td style="white-space:nowrap">
                  <a name="x-http://loinc.org-508-2"> </a>  
                  <a href="https://loinc.org/508-2/">508-2</a>
                </td>
                <td>http://loinc.org</td>
                <td>Tobramycin [Susceptibility] by Minimum inhibitory concentration (MIC)</td>
              </tr>
              <tr>
                <td style="white-space:nowrap">
                  <a name="x-http://loinc.org-512-4"> </a>  
                  <a href="https://loinc.org/512-4/">512-4</a>
                </td>
                <td>http://loinc.org</td>
                <td>Trimethoprim [Susceptibility] by Minimum inhibitory concentration (MIC)</td>
              </tr>
              <tr>
                <td style="white-space:nowrap">
                  <a name="x-http://loinc.org-516-5"> </a>  
                  <a href="https://loinc.org/516-5/">516-5</a>
                </td>
                <td>http://loinc.org</td>
                <td>Trimethoprim+Sulfamethoxazole [Susceptibility] by Minimum inhibitory concentration (MIC)</td>
              </tr>
              <tr>
                <td style="white-space:nowrap">
                  <a name="x-http://loinc.org-524-9"> </a>  
                  <a href="https://loinc.org/524-9/">524-9</a>
                </td>
                <td>http://loinc.org</td>
                <td>Vancomycin [Susceptibility] by Minimum inhibitory concentration (MIC)</td>
              </tr>
            </table>
          </div>
        </text>
        <url value="http://example.org/fhir/ImplementationGuide/bw-amr-ig/ValueSet/botswana-amr-antibiotic-susceptibility-loinc"/>
        <version value="0.1.0"/>
        <name value="BotswanaAMRAntibioticSusceptibilityLOINC"/>
        <title value="Botswana AMR Antibiotic Susceptibility LOINC"/>
        <status value="draft"/>
        <date value="2025-06-17T17:21:30-04:00"/>
        <expansion>
          <identifier value="urn:uuid:7be62cf4-fdda-41e6-9fcb-2fa27523470c"/>
          <timestamp value="2025-06-17T17:21:55-04:00"/>
          <total value="40"/>
          <offset value="0"/>
          <parameter>
            <name value="displayLanguage"/>
            <valueCode value="en-US"/>
          </parameter>
          <parameter>
            <name value="count"/>
            <valueInteger value="1000"/>
          </parameter>
          <parameter>
            <name value="offset"/>
            <valueInteger value="0"/>
          </parameter>
          <parameter>
            <name value="excludeNested"/>
            <valueBoolean value="false"/>
          </parameter>
          <parameter>
            <name value="used-valueset"/>
            <valueUri value="null"/>
          </parameter>
          <parameter>
            <name value="used-codesystem"/>
            <valueUri value="http://loinc.org|2.80"/>
          </parameter>
          <parameter>
            <name value="version"/>
            <valueUri value="http://loinc.org|2.80"/>
          </parameter>
          <contains>
            <system value="http://loinc.org"/>
            <code value="50545-3"/>
            <display value="Bacterial susceptibility panel by Minimum inhibitory concentration (MIC)"/>
          </contains>
          <contains>
            <system value="http://loinc.org"/>
            <code value="12-5"/>
            <display value="Amikacin [Susceptibility] by Minimum inhibitory concentration (MIC)"/>
          </contains>
          <contains>
            <system value="http://loinc.org"/>
            <code value="20-8"/>
            <display value="Amoxicillin+Clavulanate [Susceptibility] by Minimum inhibitory concentration (MIC)"/>
          </contains>
          <contains>
            <system value="http://loinc.org"/>
            <code value="28-1"/>
            <display value="Ampicillin [Susceptibility] by Minimum inhibitory concentration (MIC)"/>
          </contains>
          <contains>
            <system value="http://loinc.org"/>
            <code value="32-3"/>
            <display value="Ampicillin+Sulbactam [Susceptibility] by Minimum inhibitory concentration (MIC)"/>
          </contains>
          <contains>
            <system value="http://loinc.org"/>
            <code value="36-4"/>
            <display value="Azithromycin [Susceptibility] by Minimum inhibitory concentration (MIC)"/>
          </contains>
          <contains>
            <system value="http://loinc.org"/>
            <code value="44-8"/>
            <display value="Aztreonam [Susceptibility] by Minimum inhibitory concentration (MIC)"/>
          </contains>
          <contains>
            <system value="http://loinc.org"/>
            <code value="76-0"/>
            <display value="ceFAZolin [Susceptibility] by Minimum inhibitory concentration (MIC)"/>
          </contains>
          <contains>
            <system value="http://loinc.org"/>
            <code value="6644-9"/>
            <display value="Cefepime [Susceptibility] by Minimum inhibitory concentration (MIC)"/>
          </contains>
          <contains>
            <system value="http://loinc.org"/>
            <code value="108-1"/>
            <display value="Cefotaxime [Susceptibility] by Minimum inhibitory concentration (MIC)"/>
          </contains>
          <contains>
            <system value="http://loinc.org"/>
            <code value="112-3"/>
            <display value="cefoTEtan [Susceptibility] by Minimum inhibitory concentration (MIC)"/>
          </contains>
          <contains>
            <system value="http://loinc.org"/>
            <code value="116-4"/>
            <display value="cefOXitin [Susceptibility] by Minimum inhibitory concentration (MIC)"/>
          </contains>
          <contains>
            <system value="http://loinc.org"/>
            <code value="133-9"/>
            <display value="cefTAZidime [Susceptibility] by Minimum inhibitory concentration (MIC)"/>
          </contains>
          <contains>
            <system value="http://loinc.org"/>
            <code value="141-2"/>
            <display value="cefTRIAXone [Susceptibility] by Minimum inhibitory concentration (MIC)"/>
          </contains>
          <contains>
            <system value="http://loinc.org"/>
            <code value="145-3"/>
            <display value="Cefuroxime Parenteral [Susceptibility] by Minimum inhibitory concentration (MIC)"/>
          </contains>
          <contains>
            <system value="http://loinc.org"/>
            <code value="161-0"/>
            <display value="Cephalothin [Susceptibility] by Minimum inhibitory concentration (MIC)"/>
          </contains>
          <contains>
            <system value="http://loinc.org"/>
            <code value="173-5"/>
            <display value="Chloramphenicol [Susceptibility] by Minimum inhibitory concentration (MIC)"/>
          </contains>
          <contains>
            <system value="http://loinc.org"/>
            <code value="185-9"/>
            <display value="Ciprofloxacin [Susceptibility] by Minimum inhibitory concentration (MIC)"/>
          </contains>
          <contains>
            <system value="http://loinc.org"/>
            <code value="193-3"/>
            <display value="Clindamycin [Susceptibility] by Minimum inhibitory concentration (MIC)"/>
          </contains>
          <contains>
            <system value="http://loinc.org"/>
            <code value="205-5"/>
            <display value="Colistin [Susceptibility] by Minimum inhibitory concentration (MIC)"/>
          </contains>
          <contains>
            <system value="http://loinc.org"/>
            <code value="35801-0"/>
            <display value="Ertapenem [Susceptibility] by Minimum inhibitory concentration (MIC)"/>
          </contains>
          <contains>
            <system value="http://loinc.org"/>
            <code value="233-7"/>
            <display value="Erythromycin [Susceptibility] by Minimum inhibitory concentration (MIC)"/>
          </contains>
          <contains>
            <system value="http://loinc.org"/>
            <code value="25653-7"/>
            <display value="Fosfomycin [Susceptibility] by Minimum inhibitory concentration (MIC)"/>
          </contains>
          <contains>
            <system value="http://loinc.org"/>
            <code value="262-6"/>
            <display value="Fusidate [Susceptibility] by Minimum inhibitory concentration (MIC)"/>
          </contains>
          <contains>
            <system value="http://loinc.org"/>
            <code value="267-5"/>
            <display value="Gentamicin [Susceptibility] by Minimum inhibitory concentration (MIC)"/>
          </contains>
          <contains>
            <system value="http://loinc.org"/>
            <code value="279-0"/>
            <display value="Imipenem [Susceptibility] by Minimum inhibitory concentration (MIC)"/>
          </contains>
          <contains>
            <system value="http://loinc.org"/>
            <code value="6652-2"/>
            <display value="Meropenem [Susceptibility] by Minimum inhibitory concentration (MIC)"/>
          </contains>
          <contains>
            <system value="http://loinc.org"/>
            <code value="363-2"/>
            <display value="Nitrofurantoin [Susceptibility] by Minimum inhibitory concentration (MIC)"/>
          </contains>
          <contains>
            <system value="http://loinc.org"/>
            <code value="371-5"/>
            <display value="Novobiocin [Susceptibility] by Minimum inhibitory concentration (MIC)"/>
          </contains>
          <contains>
            <system value="http://loinc.org"/>
            <code value="383-0"/>
            <display value="Oxacillin [Susceptibility] by Minimum inhibitory concentration (MIC)"/>
          </contains>
          <contains>
            <system value="http://loinc.org"/>
            <code value="6932-8"/>
            <display value="Penicillin [Susceptibility] by Minimum inhibitory concentration (MIC)"/>
          </contains>
          <contains>
            <system value="http://loinc.org"/>
            <code value="408-5"/>
            <display value="Piperacillin [Susceptibility] by Minimum inhibitory concentration (MIC)"/>
          </contains>
          <contains>
            <system value="http://loinc.org"/>
            <code value="412-7"/>
            <display value="Piperacillin+Tazobactam [Susceptibility] by Minimum inhibitory concentration (MIC)"/>
          </contains>
          <contains>
            <system value="http://loinc.org"/>
            <code value="496-0"/>
            <display value="Tetracycline [Susceptibility] by Minimum inhibitory concentration (MIC)"/>
          </contains>
          <contains>
            <system value="http://loinc.org"/>
            <code value="500-9"/>
            <display value="Ticarcillin [Susceptibility] by Minimum inhibitory concentration (MIC)"/>
          </contains>
          <contains>
            <system value="http://loinc.org"/>
            <code value="42355-8"/>
            <display value="Tigecycline [Susceptibility] by Minimum inhibitory concentration (MIC)"/>
          </contains>
          <contains>
            <system value="http://loinc.org"/>
            <code value="508-2"/>
            <display value="Tobramycin [Susceptibility] by Minimum inhibitory concentration (MIC)"/>
          </contains>
          <contains>
            <system value="http://loinc.org"/>
            <code value="512-4"/>
            <display value="Trimethoprim [Susceptibility] by Minimum inhibitory concentration (MIC)"/>
          </contains>
          <contains>
            <system value="http://loinc.org"/>
            <code value="516-5"/>
            <display value="Trimethoprim+Sulfamethoxazole [Susceptibility] by Minimum inhibitory concentration (MIC)"/>
          </contains>
          <contains>
            <system value="http://loinc.org"/>
            <code value="524-9"/>
            <display value="Vancomycin [Susceptibility] by Minimum inhibitory concentration (MIC)"/>
          </contains>
        </expansion>
      </ValueSet>
    </resource>
  </entry>
  <entry>
    <fullUrl value="http://example.org/fhir/ImplementationGuide/bw-amr-ig/ValueSet/botswana-amr-interpretation"/>
    <resource>
      <ValueSet>
        <text>
          <status value="generated"/>
          <div xmlns="http://www.w3.org/1999/xhtml">
            <p class="res-header-id"/>
            <p style="border: black 1px dotted; background-color: #EEEEEE; padding: 8px; margin-bottom: 8px">Expansion performed internally based on 
              <a href="http://terminology.hl7.org/6.4.0/CodeSystem-v3-ObservationInterpretation.html">codesystem ObservationInterpretation v3.0.0 (CodeSystem)</a>
            </p>
            <p>This value set contains 3 concepts</p>
            <table class="codes">
              <tr>
                <td style="white-space:nowrap">
                  <b>Code</b>
                </td>
                <td>
                  <b>System</b>
                </td>
                <td>
                  <b>Display (en-US)</b>
                </td>
                <td>
                  <b>Definition</b>
                </td>
              </tr>
              <tr>
                <td style="white-space:nowrap">
                  <a name="x-http://terminology.hl7.org/CodeSystem/v3-ObservationInterpretation-S"> </a>  
                  <a href="http://terminology.hl7.org/6.4.0/CodeSystem-v3-ObservationInterpretation.html#v3-ObservationInterpretation-S">S</a>
                </td>
                <td>http://terminology.hl7.org/CodeSystem/v3-ObservationInterpretation</td>
                <td>Susceptible</td>
                <td>
                  <div>
                    <p>Bacterial strain inhibited by in vitro concentration of an antimicrobial agent that is associated with a high likelihood of therapeutic success. Reference: CLSI (http://www.clsi.org/Content/NavigationMenu/Resources/HarmonizedTerminologyDatabase/Harmonized_Terminolo.htm) Synonym (earlier term): Sensitive Projects: ISO 20776-1, ISO 20776-2</p>

                    <p>[Note 1: Bacterial strains are categorized as susceptible by applying the appropriate breakpoints in a defined phenotypic system.]</p>

                    <p>[Note 2: This breakpoint can be altered due to changes in circumstances (e.g., changes in commonly used drug dosages, emergence of new resistance mechanisms).]</p>

                  </div>
                </td>
              </tr>
              <tr>
                <td style="white-space:nowrap">
                  <a name="x-http://terminology.hl7.org/CodeSystem/v3-ObservationInterpretation-I"> </a>  
                  <a href="http://terminology.hl7.org/6.4.0/CodeSystem-v3-ObservationInterpretation.html#v3-ObservationInterpretation-I">I</a>
                </td>
                <td>http://terminology.hl7.org/CodeSystem/v3-ObservationInterpretation</td>
                <td>Intermediate</td>
                <td>
                  <div>
                    <p>Bacterial strain inhibited in vitro by a concentration of an antimicrobial agent that is associated with uncertain therapeutic effect. Reference: CLSI (http://www.clsi.org/Content/NavigationMenu/Resources/HarmonizedTerminologyDatabase/Harmonized_Terminolo.htm) Projects: ISO 20776-1, ISO 20776-2</p>

                    <p>[Note 1: Bacterial strains are categorized as intermediate by applying the appropriate breakpoints in a defined phenotypic test system.]</p>

                    <p>[Note 2: This class of susceptibility implies that an infection due to the isolate can be appropriately treated in body sites where the drugs are physiologically concentrated or when a high dosage of drug can be used.]</p>

                    <p>[Note 3: This class also indicates a &quot;buffer zone,&quot; to prevent small, uncontrolled, technical factors from causing major discrepancies in interpretations.]</p>

                    <p>[Note 4: These breakpoints can be altered due to changes in circumstances (e.g., changes in commonly used drug dosages, emergence of new resistance mechanisms).]</p>

                  </div>
                </td>
              </tr>
              <tr>
                <td style="white-space:nowrap">
                  <a name="x-http://terminology.hl7.org/CodeSystem/v3-ObservationInterpretation-R"> </a>  
                  <a href="http://terminology.hl7.org/6.4.0/CodeSystem-v3-ObservationInterpretation.html#v3-ObservationInterpretation-R">R</a>
                </td>
                <td>http://terminology.hl7.org/CodeSystem/v3-ObservationInterpretation</td>
                <td>Resistant</td>
                <td>
                  <div>
                    <p>Bacterial strain inhibited in vitro by a concentration of an antimicrobial agent that is associated with a high likelihood of therapeutic failure. Reference: CLSI (http://www.clsi.org/Content/NavigationMenu/Resources/HarmonizedTerminologyDatabase/Harmonized_Terminolo.htm) Projects: ISO 20776-1, ISO 20776-2</p>

                    <p>[Note 1: Bacterial strains are categorized as resistant by applying the appropriate breakpoints in a defined phenotypic test system.]</p>

                    <p>[Note 2: This breakpoint can be altered due to changes in circumstances (e.g., changes in commonly used drug dosages, emergence of new resistance mechanisms).]</p>

                  </div>
                </td>
              </tr>
            </table>
          </div>
        </text>
        <url value="http://example.org/fhir/ImplementationGuide/bw-amr-ig/ValueSet/botswana-amr-interpretation"/>
        <version value="0.1.0"/>
        <name value="BotswanaAMRInterpretation"/>
        <title value="Botswana AMR Interpretation"/>
        <status value="draft"/>
        <date value="2025-06-17T17:21:30-04:00"/>
        <expansion>
          <identifier value="urn:uuid:8f442d48-35b8-411d-8528-87388634b94d"/>
          <timestamp value="2025-06-17T17:21:56-04:00"/>
          <total value="3"/>
          <offset value="0"/>
          <parameter>
            <name value="displayLanguage"/>
            <valueCode value="en-US"/>
          </parameter>
          <parameter>
            <name value="count"/>
            <valueInteger value="1000"/>
          </parameter>
          <parameter>
            <name value="offset"/>
            <valueInteger value="0"/>
          </parameter>
          <parameter>
            <name value="excludeNested"/>
            <valueBoolean value="false"/>
          </parameter>
          <parameter>
            <name value="used-codesystem"/>
            <valueUri value="http://terminology.hl7.org/CodeSystem/v3-ObservationInterpretation|3.0.0"/>
          </parameter>
          <contains>
            <system value="http://terminology.hl7.org/CodeSystem/v3-ObservationInterpretation"/>
            <code value="S"/>
            <display value="Susceptible"/>
          </contains>
          <contains>
            <system value="http://terminology.hl7.org/CodeSystem/v3-ObservationInterpretation"/>
            <code value="I"/>
            <display value="Intermediate"/>
          </contains>
          <contains>
            <system value="http://terminology.hl7.org/CodeSystem/v3-ObservationInterpretation"/>
            <code value="R"/>
            <display value="Resistant"/>
          </contains>
        </expansion>
      </ValueSet>
    </resource>
  </entry>
  <entry>
    <fullUrl value="http://example.org/fhir/ImplementationGuide/bw-amr-ig/ValueSet/botswana-amr-specimen-type-vs"/>
    <resource>
      <ValueSet>
        <text>
          <status value="generated"/>
          <div xmlns="http://www.w3.org/1999/xhtml">
            <p class="res-header-id"/>
            <p style="border: black 1px dotted; background-color: #EEEEEE; padding: 8px; margin-bottom: 8px">Expansion performed internally based on 
              <a href="http://terminology.hl7.org/6.4.0/CodeSystem-v3-SpecimenType.html">codesystem SpecimenType v3.0.0 (CodeSystem)</a>
            </p>
            <p>This value set contains 7 concepts</p>
            <table class="codes">
              <tr>
                <td style="white-space:nowrap">
                  <b>Code</b>
                </td>
                <td>
                  <b>System</b>
                </td>
                <td>
                  <b>Display (en-US)</b>
                </td>
              </tr>
              <tr>
                <td style="white-space:nowrap">
                  <a name="x-http://terminology.hl7.org/CodeSystem/v3-SpecimenType-BLD"> </a>  
                  <a href="http://terminology.hl7.org/6.4.0/CodeSystem-v3-SpecimenType.html#v3-SpecimenType-BLD">BLD</a>
                </td>
                <td>http://terminology.hl7.org/CodeSystem/v3-SpecimenType</td>
                <td>Whole blood</td>
              </tr>
              <tr>
                <td style="white-space:nowrap">
                  <a name="x-http://terminology.hl7.org/CodeSystem/v3-SpecimenType-CSF"> </a>  
                  <a href="http://terminology.hl7.org/6.4.0/CodeSystem-v3-SpecimenType.html#v3-SpecimenType-CSF">CSF</a>
                </td>
                <td>http://terminology.hl7.org/CodeSystem/v3-SpecimenType</td>
                <td>Cerebrospinal fluid</td>
              </tr>
              <tr>
                <td style="white-space:nowrap">
                  <a name="x-http://terminology.hl7.org/CodeSystem/v3-SpecimenType-GEN"> </a>  
                  <a href="http://terminology.hl7.org/6.4.0/CodeSystem-v3-SpecimenType.html#v3-SpecimenType-GEN">GEN</a>
                </td>
                <td>http://terminology.hl7.org/CodeSystem/v3-SpecimenType</td>
                <td>Genital</td>
              </tr>
              <tr>
                <td style="white-space:nowrap">
                  <a name="x-http://terminology.hl7.org/CodeSystem/v3-SpecimenType-STL"> </a>  
                  <a href="http://terminology.hl7.org/6.4.0/CodeSystem-v3-SpecimenType.html#v3-SpecimenType-STL">STL</a>
                </td>
                <td>http://terminology.hl7.org/CodeSystem/v3-SpecimenType</td>
                <td>Stool</td>
              </tr>
              <tr>
                <td style="white-space:nowrap">
                  <a name="x-http://terminology.hl7.org/CodeSystem/v3-SpecimenType-UR"> </a>  
                  <a href="http://terminology.hl7.org/6.4.0/CodeSystem-v3-SpecimenType.html#v3-SpecimenType-UR">UR</a>
                </td>
                <td>http://terminology.hl7.org/CodeSystem/v3-SpecimenType</td>
                <td>Urine</td>
              </tr>
              <tr>
                <td style="white-space:nowrap">
                  <a name="x-http://terminology.hl7.org/CodeSystem/v3-SpecimenType-PUS"> </a>  
                  <a href="http://terminology.hl7.org/6.4.0/CodeSystem-v3-SpecimenType.html#v3-SpecimenType-PUS">PUS</a>
                </td>
                <td>http://terminology.hl7.org/CodeSystem/v3-SpecimenType</td>
                <td>Pus</td>
              </tr>
              <tr>
                <td style="white-space:nowrap">
                  <a name="x-http://terminology.hl7.org/CodeSystem/v3-SpecimenType-SPT"> </a>  
                  <a href="http://terminology.hl7.org/6.4.0/CodeSystem-v3-SpecimenType.html#v3-SpecimenType-SPT">SPT</a>
                </td>
                <td>http://terminology.hl7.org/CodeSystem/v3-SpecimenType</td>
                <td>Sputum</td>
              </tr>
            </table>
          </div>
        </text>
        <url value="http://example.org/fhir/ImplementationGuide/bw-amr-ig/ValueSet/botswana-amr-specimen-type-vs"/>
        <version value="0.1.0"/>
        <name value="BotswanaAMRSpecimenTypeVS"/>
        <title value="Botswana AMR Specimen Type VS"/>
        <status value="draft"/>
        <date value="2025-06-17T17:21:30-04:00"/>
        <expansion>
          <identifier value="urn:uuid:641e035f-8ee5-4cb0-9523-c4dfd6737622"/>
          <timestamp value="2025-06-17T17:21:56-04:00"/>
          <total value="7"/>
          <offset value="0"/>
          <parameter>
            <name value="displayLanguage"/>
            <valueCode value="en-US"/>
          </parameter>
          <parameter>
            <name value="count"/>
            <valueInteger value="1000"/>
          </parameter>
          <parameter>
            <name value="offset"/>
            <valueInteger value="0"/>
          </parameter>
          <parameter>
            <name value="excludeNested"/>
            <valueBoolean value="false"/>
          </parameter>
          <parameter>
            <name value="used-codesystem"/>
            <valueUri value="http://terminology.hl7.org/CodeSystem/v3-SpecimenType|3.0.0"/>
          </parameter>
          <contains>
            <system value="http://terminology.hl7.org/CodeSystem/v3-SpecimenType"/>
            <code value="BLD"/>
            <display value="Whole blood"/>
          </contains>
          <contains>
            <system value="http://terminology.hl7.org/CodeSystem/v3-SpecimenType"/>
            <code value="CSF"/>
            <display value="Cerebrospinal fluid"/>
          </contains>
          <contains>
            <system value="http://terminology.hl7.org/CodeSystem/v3-SpecimenType"/>
            <code value="GEN"/>
            <display value="Genital"/>
          </contains>
          <contains>
            <system value="http://terminology.hl7.org/CodeSystem/v3-SpecimenType"/>
            <code value="STL"/>
            <display value="Stool"/>
          </contains>
          <contains>
            <system value="http://terminology.hl7.org/CodeSystem/v3-SpecimenType"/>
            <code value="UR"/>
            <display value="Urine"/>
          </contains>
          <contains>
            <system value="http://terminology.hl7.org/CodeSystem/v3-SpecimenType"/>
            <code value="PUS"/>
            <display value="Pus"/>
          </contains>
          <contains>
            <system value="http://terminology.hl7.org/CodeSystem/v3-SpecimenType"/>
            <code value="SPT"/>
            <display value="Sputum"/>
          </contains>
        </expansion>
      </ValueSet>
    </resource>
  </entry>
</Bundle>