{
  "package": "bw-amr-ig",
  "version": "0.1.0",
  "fhirVersion": "4.3.0",
  "extensions": [],
  "profiles": {
    "Specimen": [
      {
        "url": "http://bw.health.gov/fhir/ImplementationGuide/bw-amr-ig/StructureDefinition/BotswanaAMRSpecimen",
        "title": "Botswana AMR Specimen"
      }
    ],
    "DiagnosticReport": [
      {
        "url": "http://bw.health.gov/fhir/ImplementationGuide/bw-amr-ig/StructureDefinition/botswana-amr-diagnostic-report",
        "title": "Botswana AMR DiagnosticReport"
      }
    ],
    "Observation": [
      {
        "url": "http://bw.health.gov/fhir/ImplementationGuide/bw-amr-ig/StructureDefinition/botswana-amr-gram-stain-observation",
        "title": "Botswana AMR Gram Stain Observation"
      },
      {
        "url": "http://bw.health.gov/fhir/ImplementationGuide/bw-amr-ig/StructureDefinition/botswana-amr-organism-observation",
        "title": "Botswana AMR Organism Identification Observation"
      },
      {
        "url": "http://bw.health.gov/fhir/ImplementationGuide/bw-amr-ig/StructureDefinition/botswana-amr-special-test-observation",
        "title": "Botswana AMR Special Test Observation"
      },
      {
        "url": "http://bw.health.gov/fhir/ImplementationGuide/bw-amr-ig/StructureDefinition/botswana-amr-susceptibility-observation",
        "title": "Botswana AMR Susceptibility Observation"
      }
    ]
  },
  "usage": {
    "http://hl7.org/fhir/StructureDefinition/elementdefinition-bestpractice": [
      "StructureDefinition.snapshot.element.constraint"
    ],
    "http://hl7.org/fhir/StructureDefinition/elementdefinition-bestpractice-explanation": [
      "StructureDefinition.snapshot.element.constraint"
    ],
    "http://hl7.org/fhir/StructureDefinition/elementdefinition-bindingName": [
      "StructureDefinition.snapshot.element.binding"
    ],
    "http://hl7.org/fhir/StructureDefinition/elementdefinition-maxValueSet": [
      "StructureDefinition.snapshot.element.binding"
    ],
    "http://hl7.org/fhir/StructureDefinition/structuredefinition-display-hint": [
      "StructureDefinition.snapshot.element"
    ],
    "http://hl7.org/fhir/StructureDefinition/structuredefinition-fhir-type": [
      "StructureDefinition.snapshot.element.type"
    ],
    "http://hl7.org/fhir/build/StructureDefinition/binding-definition": [
      "StructureDefinition.snapshot.element.binding"
    ],
    "http://hl7.org/fhir/tools/StructureDefinition/ig-internal-dependency": [
      "ImplementationGuide.definition"
    ],
    "http://hl7.org/fhir/tools/StructureDefinition/ig-parameter": [
      "ImplementationGuide.definition"
    ],
    "http://hl7.org/fhir/tools/StructureDefinition/implementationguide-dependency-comment": [
      "ImplementationGuide.dependsOn"
    ],
    "http://hl7.org/fhir/tools/StructureDefinition/resource-information": [
      "ImplementationGuide.definition.resource"
    ],
    "http://hl7.org/fhir/tools/StructureDefinition/snapshot-base-version": [
      "StructureDefinition.snapshot"
    ]
  }
}