<?xml version="1.0" encoding="UTF-8"?>

<ValueSet xmlns="http://hl7.org/fhir">
  <id value="botswana-amr-specimen-type-vs"/>
  <text>
    <status value="generated"/><div xmlns="http://www.w3.org/1999/xhtml"><p class="res-header-id"><b>Generated Narrative: ValueSet botswana-amr-specimen-type-vs</b></p><a name="botswana-amr-specimen-type-vs"> </a><a name="hcbotswana-amr-specimen-type-vs"> </a><ul><li>Include these codes as defined in <a href="http://terminology.hl7.org/6.5.0/CodeSystem-v3-SpecimenType.html"><code>http://terminology.hl7.org/CodeSystem/v3-SpecimenType</code></a><table class="none"><tr><td style="white-space:nowrap"><b>Code</b></td><td><b>Display</b></td></tr><tr><td><a href="http://terminology.hl7.org/6.5.0/CodeSystem-v3-SpecimenType.html#v3-SpecimenType-BLD">BLD</a></td><td>Whole blood</td></tr><tr><td><a href="http://terminology.hl7.org/6.5.0/CodeSystem-v3-SpecimenType.html#v3-SpecimenType-CSF">CSF</a></td><td>Cerebrospinal fluid</td></tr><tr><td><a href="http://terminology.hl7.org/6.5.0/CodeSystem-v3-SpecimenType.html#v3-SpecimenType-GEN">GEN</a></td><td>Genital</td></tr><tr><td><a href="http://terminology.hl7.org/6.5.0/CodeSystem-v3-SpecimenType.html#v3-SpecimenType-STL">STL</a></td><td>Stool</td></tr><tr><td><a href="http://terminology.hl7.org/6.5.0/CodeSystem-v3-SpecimenType.html#v3-SpecimenType-UR">UR</a></td><td>Urine</td></tr><tr><td><a href="http://terminology.hl7.org/6.5.0/CodeSystem-v3-SpecimenType.html#v3-SpecimenType-PUS">PUS</a></td><td>Pus</td></tr><tr><td><a href="http://terminology.hl7.org/6.5.0/CodeSystem-v3-SpecimenType.html#v3-SpecimenType-SPT">SPT</a></td><td>Sputum</td></tr></table></li></ul></div>
  </text>
  <url value="http://bw.health.gov/fhir/ImplementationGuide/bw-amr-ig/ValueSet/botswana-amr-specimen-type-vs"/>
  <version value="0.1.0"/>
  <name value="BotswanaAMRSpecimenTypeVS"/>
  <title value="Botswana AMR Specimen Type VS"/>
  <status value="draft"/>
  <date value="2025-07-09T10:14:37-04:00"/>
  <publisher value="University of Botswana Partnership"/>
  <contact>
    <name value="University of Botswana Partnership"/>
    <telecom>
      <system value="url"/>
      <value value="https://github.com/Dokotela/bw-amr-ig"/>
    </telecom>
  </contact>
  <description value="Specimen types used in Botswana AMR data collection, reusing v3-SpecimenType codes"/>
  <compose>
    <include>
      <system value="http://terminology.hl7.org/CodeSystem/v3-SpecimenType"/>
      <concept>
        <code value="BLD"/>
        <display value="Whole blood"/>
      </concept>
      <concept>
        <code value="CSF"/>
        <display value="Cerebrospinal fluid"/>
      </concept>
      <concept>
        <code value="GEN"/>
        <display value="Genital"/>
      </concept>
      <concept>
        <code value="STL"/>
        <display value="Stool"/>
      </concept>
      <concept>
        <code value="UR"/>
        <display value="Urine"/>
      </concept>
      <concept>
        <code value="PUS"/>
        <display value="Pus"/>
      </concept>
      <concept>
        <code value="SPT"/>
        <display value="Sputum"/>
      </concept>
    </include>
  </compose>
</ValueSet>