{
  "codeSystems" : [
    {
      "url" : "http://bw.health.gov/fhir/ImplementationGuide/bw-amr-ig/ValueSet/botswana-amr-antibiotic-susceptibility-loinc",
      "version" : "0.1.0",
      "status" : "draft",
      "name" : "BotswanaAMRAntibioticSusceptibilityLOINC",
      "title" : "Botswana AMR Antibiotic Susceptibility LOINC",
      "description" : "Collection of LOINC codes for antibiotic-susceptibility tests (MIC panel and individual drugs)",
      "systems" : ["http://loinc.org"],
      "uses" : {
      },
      "StructureDefinition-botswana-amr-susceptibility-observation.html" : "Botswana AMR Susceptibility Observation"
    },
    {
      "url" : "http://bw.health.gov/fhir/ImplementationGuide/bw-amr-ig/ValueSet/botswana-amr-gram-stain-result-vs",
      "version" : "0.1.0",
      "status" : "draft",
      "name" : "BotswanaAMRGramStainResultVS",
      "title" : "Botswana AMR Gram Stain Results",
      "description" : "Gram stain results used in Botswana AMR surveillance",
      "systems" : ["http://snomed.info/sct"],
      "uses" : {
      },
      "StructureDefinition-botswana-amr-gram-stain-observation.html" : "Botswana AMR Gram Stain Observation"
    },
    {
      "url" : "http://bw.health.gov/fhir/ImplementationGuide/bw-amr-ig/ValueSet/botswana-amr-identification-method-vs",
      "version" : "0.1.0",
      "status" : "draft",
      "name" : "BotswanaAMRIdentificationMethodVS",
      "title" : "Botswana AMR Organism Identification Methods",
      "description" : "Methods used for organism identification in Botswana AMR surveillance",
      "systems" : [
        "http://bw.health.gov/fhir/ImplementationGuide/bw-amr-ig/CodeSystem/botswana-amr-local-method-cs",
        "http://snomed.info/sct"
      ],
      "uses" : {
      },
      "StructureDefinition-botswana-amr-organism-observation.html" : "Botswana AMR Organism Identification Observation"
    },
    {
      "url" : "http://bw.health.gov/fhir/ImplementationGuide/bw-amr-ig/ValueSet/botswana-amr-interpretation",
      "version" : "0.1.0",
      "status" : "draft",
      "name" : "BotswanaAMRInterpretation",
      "title" : "Botswana AMR Interpretation",
      "description" : "Only Susceptible, Intermediate, or Resistant",
      "systems" : [
        "http://terminology.hl7.org/CodeSystem/v3-ObservationInterpretation"
      ],
      "uses" : {
      },
      "StructureDefinition-botswana-amr-susceptibility-observation.html" : "Botswana AMR Susceptibility Observation"
    },
    {
      "url" : "http://bw.health.gov/fhir/ImplementationGuide/bw-amr-ig/ValueSet/botswana-amr-organism-vs",
      "version" : "0.1.0",
      "status" : "draft",
      "name" : "BotswanaAMROrganismVS",
      "title" : "Botswana AMR Organism ValueSet",
      "description" : "Organisms identified in Botswana AMR surveillance using SNOMED CT codes and local codes for combinations",
      "systems" : [
        "http://bw.health.gov/fhir/ImplementationGuide/bw-amr-ig/CodeSystem/botswana-amr-local-organism-cs",
        "http://snomed.info/sct"
      ],
      "uses" : {
      },
      "StructureDefinition-botswana-amr-organism-observation.html" : "Botswana AMR Organism Identification Observation"
    },
    {
      "url" : "http://bw.health.gov/fhir/ImplementationGuide/bw-amr-ig/ValueSet/botswana-amr-special-test-vs",
      "version" : "0.1.0",
      "status" : "draft",
      "name" : "BotswanaAMRSpecialTestVS",
      "title" : "Botswana AMR Special Tests",
      "description" : "Special antimicrobial resistance tests performed in Botswana AMR surveillance",
      "systems" : ["http://loinc.org"],
      "uses" : {
      },
      "StructureDefinition-botswana-amr-special-test-observation.html" : "Botswana AMR Special Test Observation"
    },
    {
      "url" : "http://bw.health.gov/fhir/ImplementationGuide/bw-amr-ig/ValueSet/botswana-amr-specimen-site-vs",
      "version" : "0.1.0",
      "status" : "draft",
      "name" : "BotswanaAMRSpecimenSiteVS",
      "title" : "Botswana AMR Specimen Collection Sites",
      "description" : "Anatomical sites where specimens are collected for Botswana AMR surveillance",
      "systems" : ["http://snomed.info/sct"]
    },
    {
      "url" : "http://bw.health.gov/fhir/ImplementationGuide/bw-amr-ig/ValueSet/botswana-amr-specimen-type-vs",
      "version" : "0.1.0",
      "status" : "draft",
      "name" : "BotswanaAMRSpecimenTypeVS",
      "title" : "Botswana AMR Specimen Type VS",
      "description" : "Specimen types used in Botswana AMR data collection, reusing v3-SpecimenType codes",
      "systems" : ["http://terminology.hl7.org/CodeSystem/v3-SpecimenType"],
      "uses" : {
      },
      "StructureDefinition-BotswanaAMRSpecimen.html" : "Botswana AMR Specimen"
    },
    {
      "url" : "http://bw.health.gov/fhir/ImplementationGuide/bw-amr-ig/ValueSet/botswana-amr-test-result-status-vs",
      "version" : "0.1.0",
      "status" : "draft",
      "name" : "BotswanaAMRTestResultStatusVS",
      "title" : "Botswana AMR Test Result Status",
      "description" : "Status values for test results in Botswana AMR surveillance",
      "systems" : ["http://snomed.info/sct"],
      "uses" : {
      },
      "StructureDefinition-botswana-amr-special-test-observation.html" : "Botswana AMR Special Test Observation"
    }
  ]
}
