{
  "codeSystems" : [
    {
      "url" : "http://bw.health.gov/fhir/ImplementationGuide/bw-amr-ig/ValueSet/botswana-amr-antibiotic-susceptibility-loinc",
      "version" : "0.1.0",
      "status" : "draft",
      "name" : "BotswanaAMRAntibioticSusceptibilityLOINC",
      "title" : "Botswana AMR Antibiotic Susceptibility LOINC",
      "description" : "Collection of LOINC codes for antibiotic-susceptibility tests (MIC panel and individual drugs)",
      "systems" : ["http://loinc.org"],
      "uses" : {
      },
      "StructureDefinition-botswana-amr-susceptibility-observation.html" : "Botswana AMR Susceptibility Observation"
    },
    {
      "url" : "http://bw.health.gov/fhir/ImplementationGuide/bw-amr-ig/ValueSet/botswana-amr-gram-stain-result-vs",
      "version" : "0.1.0",
      "status" : "draft",
      "name" : "BotswanaAMRGramStainResultVS",
      "title" : "Botswana AMR Gram Stain Results",
      "description" : "Gram stain results used in Botswana AMR surveillance",
      "systems" : ["http://snomed.info/sct"],
      "uses" : {
      },
      "StructureDefinition-botswana-amr-gram-stain-observation.html" : "Botswana AMR Gram Stain Observation"
    },
    {
      "url" : "http://bw.health.gov/fhir/ImplementationGuide/bw-amr-ig/ValueSet/botswana-amr-identification-method-vs",
      "version" : "0.1.0",
      "status" : "draft",
      "name" : "BotswanaAMRIdentificationMethodVS",
      "title" : "Botswana AMR Organism Identification Methods",
      "description" : "Methods used for organism identification in Botswana AMR surveillance",
      "systems" : [
        "http://bw.health.gov/fhir/ImplementationGuide/bw-amr-ig/CodeSystem/botswana-amr-local-method-cs",
        "http://snomed.info/sct"
      ],
      "uses" : {
      },
      "StructureDefinition-botswana-amr-organism-observation.html" : "Botswana AMR Organism Identification Observation"
    },
    {
      "url" : "http://bw.health.gov/fhir/ImplementationGuide/bw-amr-ig/ValueSet/botswana-amr-interpretation",
      "version" : "0.1.0",
      "status" : "draft",
      "name" : "BotswanaAMRInterpretation",
      "title" : "Botswana AMR Interpretation",
      "description" : "Only Susceptible, Intermediate, or Resistant",
      "systems" : [
        "http://terminology.hl7.org/CodeSystem/v3-ObservationInterpretation"
      ],
      "uses" : {
      },
      "StructureDefinition-botswana-amr-susceptibility-observation.html" : "Botswana AMR Susceptibility Observation"
    },
    {
      "url" : "http://bw.health.gov/fhir/ImplementationGuide/bw-amr-ig/ValueSet/botswana-amr-organism-vs",
      "version" : "0.1.0",
      "status" : "draft",
      "name" : "BotswanaAMROrganismVS",
      "title" : "Botswana AMR Organism ValueSet",
      "description" : "Organisms identified in Botswana AMR surveillance using SNOMED CT codes and local codes for combinations",
      "systems" : [
        "http://bw.health.gov/fhir/ImplementationGuide/bw-amr-ig/CodeSystem/botswana-amr-local-organism-cs",
        "http://snomed.info/sct"
      ],
      "uses" : {
      },
      "StructureDefinition-botswana-amr-organism-observation.html" : "Botswana AMR Organism Identification Observation"
    },
    {
      "url" : "http://bw.health.gov/fhir/ImplementationGuide/bw-amr-ig/ValueSet/botswana-amr-special-test-vs",
      "version" : "0.1.0",
      "status" : "draft",
      "name" : "BotswanaAMRSpecialTestVS",
      "title" : "Botswana AMR Special Tests",
      "description" : "Special antimicrobial resistance tests performed in Botswana AMR surveillance",
      "systems" : ["http://loinc.org"],
      "uses" : {
      },
      "StructureDefinition-botswana-amr-special-test-observation.html" : "Botswana AMR Special Test Observation"
    },
    {
      "url" : "http://bw.health.gov/fhir/ImplementationGuide/bw-amr-ig/ValueSet/botswana-amr-specimen-site-vs",
      "version" : "0.1.0",
      "status" : "draft",
      "name" : "BotswanaAMRSpecimenSiteVS",
      "title" : "Botswana AMR Specimen Collection Sites",
      "description" : "Anatomical sites where specimens are collected for Botswana AMR surveillance",
      "systems" : ["http://snomed.info/sct"],
      "uses" : {
      },
      "StructureDefinition-botswana-amr-specimen.html" : "Botswana AMR Specimen"
    },
    {
      "url" : "http://bw.health.gov/fhir/ImplementationGuide/bw-amr-ig/ValueSet/botswana-amr-specimen-type-vs",
      "version" : "0.1.0",
      "status" : "draft",
      "name" : "BotswanaAMRSpecimenTypeVS",
      "title" : "Botswana AMR Specimen Type VS",
      "description" : "Specimen types used in Botswana AMR data collection, reusing v3-SpecimenType codes",
      "systems" : ["http://terminology.hl7.org/CodeSystem/v3-SpecimenType"],
      "uses" : {
      },
      "StructureDefinition-botswana-amr-specimen.html" : "Botswana AMR Specimen"
    },
    {
      "url" : "http://bw.health.gov/fhir/ImplementationGuide/bw-amr-ig/ValueSet/botswana-amr-test-result-status-vs",
      "version" : "0.1.0",
      "status" : "draft",
      "name" : "BotswanaAMRTestResultStatusVS",
      "title" : "Botswana AMR Test Result Status",
      "description" : "Status values for test results in Botswana AMR surveillance",
      "systems" : ["http://snomed.info/sct"],
      "uses" : {
      },
      "StructureDefinition-botswana-amr-special-test-observation.html" : "Botswana AMR Special Test Observation"
    },
    {
      "url" : "http://hl7.org/fhir/ValueSet/administrative-gender",
      "version" : "4.3.0",
      "status" : "active",
      "name" : "AdministrativeGender",
      "title" : "AdministrativeGender",
      "description" : "The gender of a person used for administrative purposes.",
      "systems" : ["http://hl7.org/fhir/administrative-gender"],
      "oids" : ["2.16.840.1.113883.4.642.3.1"],
      "sources" : ["2.16.840.1.113883.4.642.3.1"],
      "uses" : {
      },
      "StructureDefinition-botswana-amr-patient.html" : "Botswana AMR Patient"
    },
    {
      "url" : "http://hl7.org/fhir/ValueSet/body-site",
      "version" : "4.3.0",
      "status" : "draft",
      "name" : "SNOMEDCTBodyStructures",
      "title" : "SNOMED CT Body Structures",
      "description" : "This value set includes all codes from [SNOMED CT](http://snomed.info/sct) where concept is-a 442083009 (Anatomical or acquired body site (body structure)).",
      "systems" : ["http://snomed.info/sct"],
      "oids" : ["2.16.840.1.113883.4.642.3.141"],
      "sources" : ["2.16.840.1.113883.4.642.3.141"],
      "uses" : {
      },
      "StructureDefinition-botswana-amr-susceptibility-observation.html" : "Botswana AMR Susceptibility Observation",
      "StructureDefinition-botswana-amr-special-test-observation.html" : "Botswana AMR Special Test Observation",
      "StructureDefinition-botswana-amr-gram-stain-observation.html" : "Botswana AMR Gram Stain Observation",
      "StructureDefinition-botswana-amr-organism-observation.html" : "Botswana AMR Organism Identification Observation"
    },
    {
      "url" : "http://hl7.org/fhir/ValueSet/clinical-findings",
      "version" : "4.3.0",
      "status" : "draft",
      "name" : "SNOMEDCTClinicalFindings",
      "title" : "SNOMED CT Clinical Findings",
      "description" : "This value set includes all the \"Clinical finding\" [SNOMED CT](http://snomed.info/sct) codes - concepts where concept is-a 404684003 (Clinical finding (finding)).",
      "systems" : ["http://snomed.info/sct"],
      "oids" : ["2.16.840.1.113883.4.642.3.232"],
      "sources" : ["2.16.840.1.113883.4.642.3.232"],
      "uses" : {
      },
      "StructureDefinition-botswana-amr-diagnostic-report.html" : "Botswana AMR DiagnosticReport"
    },
    {
      "url" : "http://hl7.org/fhir/ValueSet/common-tags",
      "version" : "4.3.0",
      "status" : "draft",
      "name" : "CommonTags",
      "title" : "Common Tags",
      "description" : "Common Tag Codes defined by FHIR project",
      "systems" : ["http://terminology.hl7.org/CodeSystem/common-tags"],
      "oids" : ["2.16.840.1.113883.4.642.3.79"],
      "sources" : ["2.16.840.1.113883.4.642.3.79"],
      "uses" : {
      },
      "StructureDefinition-botswana-amr-specimen.html" : "Botswana AMR Specimen",
      "StructureDefinition-botswana-amr-susceptibility-observation.html" : "Botswana AMR Susceptibility Observation",
      "StructureDefinition-botswana-amr-special-test-observation.html" : "Botswana AMR Special Test Observation",
      "StructureDefinition-botswana-amr-diagnostic-report.html" : "Botswana AMR DiagnosticReport",
      "StructureDefinition-botswana-amr-patient.html" : "Botswana AMR Patient",
      "StructureDefinition-botswana-amr-gram-stain-observation.html" : "Botswana AMR Gram Stain Observation",
      "StructureDefinition-botswana-amr-organism-observation.html" : "Botswana AMR Organism Identification Observation"
    },
    {
      "url" : "http://hl7.org/fhir/ValueSet/data-absent-reason",
      "version" : "4.3.0",
      "status" : "active",
      "name" : "DataAbsentReason",
      "title" : "DataAbsentReason",
      "description" : "Used to specify why the normally expected content of the data element is missing.",
      "systems" : ["http://terminology.hl7.org/CodeSystem/data-absent-reason"],
      "oids" : ["2.16.840.1.113883.4.642.3.5"],
      "sources" : ["2.16.840.1.113883.4.642.3.5"],
      "uses" : {
      },
      "StructureDefinition-botswana-amr-susceptibility-observation.html" : "Botswana AMR Susceptibility Observation",
      "StructureDefinition-botswana-amr-special-test-observation.html" : "Botswana AMR Special Test Observation",
      "StructureDefinition-botswana-amr-gram-stain-observation.html" : "Botswana AMR Gram Stain Observation",
      "StructureDefinition-botswana-amr-organism-observation.html" : "Botswana AMR Organism Identification Observation"
    },
    {
      "url" : "http://hl7.org/fhir/ValueSet/diagnostic-report-status",
      "version" : "4.3.0",
      "status" : "draft",
      "name" : "DiagnosticReportStatus",
      "title" : "DiagnosticReportStatus",
      "description" : "The status of the diagnostic report.",
      "systems" : ["http://hl7.org/fhir/diagnostic-report-status"],
      "oids" : ["2.16.840.1.113883.4.642.3.235"],
      "sources" : ["2.16.840.1.113883.4.642.3.235"],
      "uses" : {
      },
      "StructureDefinition-botswana-amr-diagnostic-report.html" : "Botswana AMR DiagnosticReport"
    },
    {
      "url" : "http://hl7.org/fhir/ValueSet/diagnostic-service-sections",
      "version" : "4.3.0",
      "status" : "draft",
      "name" : "DiagnosticServiceSectionCodes",
      "title" : "Diagnostic Service Section Codes",
      "description" : "This value set includes all the codes in HL7 V2 table 0074.",
      "systems" : ["http://terminology.hl7.org/CodeSystem/v2-0074"],
      "oids" : ["2.16.840.1.113883.4.642.3.234"],
      "sources" : ["2.16.840.1.113883.4.642.3.234"],
      "uses" : {
      },
      "StructureDefinition-botswana-amr-diagnostic-report.html" : "Botswana AMR DiagnosticReport"
    },
    {
      "url" : "http://hl7.org/fhir/ValueSet/languages",
      "version" : "4.3.0",
      "status" : "draft",
      "name" : "CommonLanguages",
      "title" : "Common Languages",
      "description" : "This value set includes common codes from BCP-47 (http://tools.ietf.org/html/bcp47)",
      "systems" : ["urn:ietf:bcp:47"],
      "oids" : ["2.16.840.1.113883.4.642.3.20"],
      "sources" : ["2.16.840.1.113883.4.642.3.20"],
      "uses" : {
      },
      "StructureDefinition-botswana-amr-specimen.html" : "Botswana AMR Specimen",
      "StructureDefinition-botswana-amr-susceptibility-observation.html" : "Botswana AMR Susceptibility Observation",
      "StructureDefinition-botswana-amr-special-test-observation.html" : "Botswana AMR Special Test Observation",
      "StructureDefinition-botswana-amr-diagnostic-report.html" : "Botswana AMR DiagnosticReport",
      "StructureDefinition-botswana-amr-patient.html" : "Botswana AMR Patient",
      "StructureDefinition-botswana-amr-gram-stain-observation.html" : "Botswana AMR Gram Stain Observation",
      "StructureDefinition-botswana-amr-organism-observation.html" : "Botswana AMR Organism Identification Observation"
    },
    {
      "url" : "http://hl7.org/fhir/ValueSet/link-type",
      "version" : "4.3.0",
      "status" : "active",
      "name" : "LinkType",
      "title" : "LinkType",
      "description" : "The type of link between this patient resource and another patient resource.",
      "systems" : ["http://hl7.org/fhir/link-type"],
      "oids" : ["2.16.840.1.113883.4.642.3.423"],
      "sources" : ["2.16.840.1.113883.4.642.3.423"],
      "uses" : {
      },
      "StructureDefinition-botswana-amr-patient.html" : "Botswana AMR Patient"
    },
    {
      "url" : "http://hl7.org/fhir/ValueSet/marital-status",
      "version" : "4.3.0",
      "status" : "active",
      "name" : "Marital Status Codes",
      "title" : "MaritalStatus",
      "description" : "This value set defines the set of codes that can be used to indicate the marital status of a person.",
      "systems" : [
        "http://terminology.hl7.org/CodeSystem/v3-MaritalStatus",
        "http://terminology.hl7.org/CodeSystem/v3-NullFlavor"
      ],
      "oids" : ["2.16.840.1.113883.4.642.3.29"],
      "sources" : ["2.16.840.1.113883.4.642.3.29"],
      "uses" : {
      },
      "StructureDefinition-botswana-amr-patient.html" : "Botswana AMR Patient"
    },
    {
      "url" : "http://hl7.org/fhir/ValueSet/observation-category",
      "version" : "4.3.0",
      "status" : "draft",
      "name" : "ObservationCategoryCodes",
      "title" : "Observation Category Codes",
      "description" : "Observation Category codes.",
      "systems" : ["http://terminology.hl7.org/CodeSystem/observation-category"],
      "oids" : ["2.16.840.1.113883.4.642.3.403"],
      "sources" : ["2.16.840.1.113883.4.642.3.403"],
      "uses" : {
      },
      "StructureDefinition-botswana-amr-susceptibility-observation.html" : "Botswana AMR Susceptibility Observation",
      "StructureDefinition-botswana-amr-special-test-observation.html" : "Botswana AMR Special Test Observation",
      "StructureDefinition-botswana-amr-gram-stain-observation.html" : "Botswana AMR Gram Stain Observation",
      "StructureDefinition-botswana-amr-organism-observation.html" : "Botswana AMR Organism Identification Observation"
    },
    {
      "url" : "http://hl7.org/fhir/ValueSet/observation-codes",
      "version" : "4.3.0",
      "status" : "draft",
      "name" : "LOINCCodes",
      "title" : "LOINC Codes",
      "description" : "This value set includes all LOINC codes",
      "systems" : ["http://loinc.org"],
      "oids" : ["2.16.840.1.113883.4.642.3.396"],
      "sources" : ["2.16.840.1.113883.4.642.3.396"],
      "uses" : {
      },
      "StructureDefinition-botswana-amr-susceptibility-observation.html" : "Botswana AMR Susceptibility Observation",
      "StructureDefinition-botswana-amr-special-test-observation.html" : "Botswana AMR Special Test Observation",
      "StructureDefinition-botswana-amr-gram-stain-observation.html" : "Botswana AMR Gram Stain Observation",
      "StructureDefinition-botswana-amr-organism-observation.html" : "Botswana AMR Organism Identification Observation"
    },
    {
      "url" : "http://hl7.org/fhir/ValueSet/observation-interpretation",
      "version" : "4.3.0",
      "status" : "active",
      "name" : "ObservationInterpretationCodes",
      "title" : "Observation Interpretation Codes",
      "description" : "A categorical assessment, providing a rough qualitative interpretation of the observation value,    such as “normal”/ “abnormal”,”low” / “high”, “better” / “worse”, “susceptible” / “resistant”, “expected”/ “not expected”.    The value set is intended to be for ANY use where coded representation of an interpretation is needed.   \r\n   \r\n   Notes:\r\n   \r\n   This is being communicated in v2.x in OBX-8 (Observation Interpretation), in v3 in ObservationInterpretation (CWE) in R1 (Representative Realm) and in FHIR in    Observation.interpretation. Historically these values come from the laboratory domain, and these codes are extensively    used. The value set binding is extensible, so codes outside the value set that are needed for interpretation concepts    (i.e. particular meanings) that are not included in the value set can be used, and these new codes may also be added to    the value set and published in a future version.",
      "systems" : [
        "http://terminology.hl7.org/CodeSystem/v3-ObservationInterpretation"
      ],
      "oids" : ["2.16.840.1.113883.4.642.3.399"],
      "sources" : ["2.16.840.1.113883.4.642.3.399"],
      "uses" : {
      },
      "StructureDefinition-botswana-amr-susceptibility-observation.html" : "Botswana AMR Susceptibility Observation",
      "StructureDefinition-botswana-amr-special-test-observation.html" : "Botswana AMR Special Test Observation",
      "StructureDefinition-botswana-amr-gram-stain-observation.html" : "Botswana AMR Gram Stain Observation",
      "StructureDefinition-botswana-amr-organism-observation.html" : "Botswana AMR Organism Identification Observation"
    },
    {
      "url" : "http://hl7.org/fhir/ValueSet/observation-methods",
      "version" : "4.3.0",
      "status" : "draft",
      "name" : "ObservationMethods",
      "title" : "Observation Methods",
      "description" : "Observation Method codes from [SNOMED CT](http://snomed.info/sct) where concept is-a 272394005 (Technique (qualifier value)) or is-a 129264002 (Action (qualifier value)) or is-a 386053000 (Evaluation procedure(procedure))",
      "systems" : ["http://snomed.info/sct"],
      "oids" : ["2.16.840.1.113883.4.642.3.395"],
      "sources" : ["2.16.840.1.113883.4.642.3.395"],
      "uses" : {
      },
      "StructureDefinition-botswana-amr-susceptibility-observation.html" : "Botswana AMR Susceptibility Observation",
      "StructureDefinition-botswana-amr-special-test-observation.html" : "Botswana AMR Special Test Observation",
      "StructureDefinition-botswana-amr-gram-stain-observation.html" : "Botswana AMR Gram Stain Observation"
    },
    {
      "url" : "http://hl7.org/fhir/ValueSet/observation-status",
      "version" : "4.3.0",
      "status" : "active",
      "name" : "ObservationStatus",
      "title" : "ObservationStatus",
      "description" : "Codes providing the status of an observation.",
      "systems" : ["http://hl7.org/fhir/observation-status"],
      "oids" : ["2.16.840.1.113883.4.642.3.400"],
      "sources" : ["2.16.840.1.113883.4.642.3.400"],
      "uses" : {
      },
      "StructureDefinition-botswana-amr-susceptibility-observation.html" : "Botswana AMR Susceptibility Observation",
      "StructureDefinition-botswana-amr-special-test-observation.html" : "Botswana AMR Special Test Observation",
      "StructureDefinition-botswana-amr-gram-stain-observation.html" : "Botswana AMR Gram Stain Observation",
      "StructureDefinition-botswana-amr-organism-observation.html" : "Botswana AMR Organism Identification Observation"
    },
    {
      "url" : "http://hl7.org/fhir/ValueSet/patient-contactrelationship",
      "version" : "4.3.0",
      "status" : "active",
      "name" : "PatientContactRelationship",
      "title" : "Patient Contact Relationship",
      "description" : "The nature of the relationship between the patient and the contact person.",
      "systems" : ["http://terminology.hl7.org/CodeSystem/v2-0131"],
      "oids" : ["2.16.840.1.113883.4.642.3.1130"],
      "sources" : ["2.16.840.1.113883.4.642.3.1130"],
      "uses" : {
      },
      "StructureDefinition-botswana-amr-patient.html" : "Botswana AMR Patient"
    },
    {
      "url" : "http://hl7.org/fhir/ValueSet/referencerange-appliesto",
      "version" : "4.3.0",
      "status" : "draft",
      "name" : "ObservationReferenceRangeAppliesToCodes",
      "title" : "Observation Reference Range Applies To Codes",
      "description" : "This value set defines a set of codes that can be used to indicate the particular target population the reference range applies to.",
      "systems" : [
        "http://terminology.hl7.org/CodeSystem/v3-Race",
        "http://snomed.info/sct"
      ],
      "oids" : ["2.16.840.1.113883.4.642.3.407"],
      "sources" : ["2.16.840.1.113883.4.642.3.407"],
      "uses" : {
      },
      "StructureDefinition-botswana-amr-susceptibility-observation.html" : "Botswana AMR Susceptibility Observation",
      "StructureDefinition-botswana-amr-special-test-observation.html" : "Botswana AMR Special Test Observation",
      "StructureDefinition-botswana-amr-gram-stain-observation.html" : "Botswana AMR Gram Stain Observation",
      "StructureDefinition-botswana-amr-organism-observation.html" : "Botswana AMR Organism Identification Observation"
    },
    {
      "url" : "http://hl7.org/fhir/ValueSet/referencerange-meaning",
      "version" : "4.3.0",
      "status" : "draft",
      "name" : "ObservationReferenceRangeMeaningCodes",
      "title" : "Observation Reference Range Meaning Codes",
      "description" : "This value set defines a set of codes that can be used to indicate the meaning/use of a reference range for a particular target population.",
      "systems" : [
        "http://terminology.hl7.org/CodeSystem/referencerange-meaning"
      ],
      "oids" : ["2.16.840.1.113883.4.642.3.397"],
      "sources" : ["2.16.840.1.113883.4.642.3.397"],
      "uses" : {
      },
      "StructureDefinition-botswana-amr-susceptibility-observation.html" : "Botswana AMR Susceptibility Observation",
      "StructureDefinition-botswana-amr-special-test-observation.html" : "Botswana AMR Special Test Observation",
      "StructureDefinition-botswana-amr-gram-stain-observation.html" : "Botswana AMR Gram Stain Observation",
      "StructureDefinition-botswana-amr-organism-observation.html" : "Botswana AMR Organism Identification Observation"
    },
    {
      "url" : "http://hl7.org/fhir/ValueSet/report-codes",
      "version" : "4.3.0",
      "status" : "draft",
      "name" : "LOINCDiagnosticReportCodes",
      "title" : "LOINC Diagnostic Report Codes",
      "description" : "This value set includes LOINC codes that relate to Diagnostic Observations.",
      "systems" : ["http://loinc.org"],
      "oids" : ["2.16.840.1.113883.4.642.3.233"],
      "sources" : ["2.16.840.1.113883.4.642.3.233"],
      "uses" : {
      },
      "StructureDefinition-botswana-amr-diagnostic-report.html" : "Botswana AMR DiagnosticReport"
    },
    {
      "url" : "http://hl7.org/fhir/ValueSet/security-labels",
      "version" : "4.3.0",
      "status" : "active",
      "name" : "All Security Labels",
      "title" : "SecurityLabels",
      "description" : "A single value set for all security labels defined by FHIR.",
      "systems" : [
        "http://terminology.hl7.org/CodeSystem/v3-ActReason",
        "http://terminology.hl7.org/CodeSystem/v3-ActUSPrivacyLaw",
        "http://terminology.hl7.org/CodeSystem/v3-ObservationValue",
        "http://terminology.hl7.org/CodeSystem/v3-ActCode",
        "http://terminology.hl7.org/CodeSystem/v3-Confidentiality"
      ],
      "oids" : ["2.16.840.1.113883.4.642.3.47"],
      "sources" : ["2.16.840.1.113883.4.642.3.47"],
      "uses" : {
      },
      "StructureDefinition-botswana-amr-specimen.html" : "Botswana AMR Specimen",
      "StructureDefinition-botswana-amr-susceptibility-observation.html" : "Botswana AMR Susceptibility Observation",
      "StructureDefinition-botswana-amr-special-test-observation.html" : "Botswana AMR Special Test Observation",
      "StructureDefinition-botswana-amr-diagnostic-report.html" : "Botswana AMR DiagnosticReport",
      "StructureDefinition-botswana-amr-patient.html" : "Botswana AMR Patient",
      "StructureDefinition-botswana-amr-gram-stain-observation.html" : "Botswana AMR Gram Stain Observation",
      "StructureDefinition-botswana-amr-organism-observation.html" : "Botswana AMR Organism Identification Observation"
    },
    {
      "url" : "http://hl7.org/fhir/ValueSet/specimen-collection-method",
      "version" : "4.3.0",
      "status" : "draft",
      "name" : "FHIRSpecimenCollectionMethod",
      "title" : "FHIR Specimen Collection Method",
      "description" : " This example value set defines a set of codes that can be used to indicate the method by which a specimen was collected.",
      "systems" : ["http://snomed.info/sct"],
      "oids" : ["2.16.840.1.113883.4.642.3.468"],
      "sources" : ["2.16.840.1.113883.4.642.3.468"],
      "uses" : {
      },
      "StructureDefinition-botswana-amr-specimen.html" : "Botswana AMR Specimen"
    },
    {
      "url" : "http://hl7.org/fhir/ValueSet/specimen-container-type",
      "version" : "4.3.0",
      "status" : "draft",
      "name" : "SpecimenContainer",
      "title" : null,
      "description" : "Containers which may hold specimens or specimen containers. Include codes  SNOMED CT(http://snomed.info/sct) where concept is-a 434711009 (Specimen container (physical object))",
      "systems" : ["http://snomed.info/sct"],
      "oids" : ["2.16.840.1.113883.4.642.3.470"],
      "sources" : ["2.16.840.1.113883.4.642.3.470"],
      "uses" : {
      },
      "StructureDefinition-botswana-amr-specimen.html" : "Botswana AMR Specimen"
    },
    {
      "url" : "http://hl7.org/fhir/ValueSet/specimen-processing-procedure",
      "version" : "4.3.0",
      "status" : "draft",
      "name" : "SpecimenProcessingProcedure",
      "title" : null,
      "description" : "The technique that is used to perform the process or preserve the specimen.",
      "systems" : ["http://terminology.hl7.org/CodeSystem/v2-0373"],
      "oids" : ["2.16.840.1.113883.4.642.3.469"],
      "sources" : ["2.16.840.1.113883.4.642.3.469"],
      "uses" : {
      },
      "StructureDefinition-botswana-amr-specimen.html" : "Botswana AMR Specimen"
    },
    {
      "url" : "http://hl7.org/fhir/ValueSet/specimen-status",
      "version" : "4.3.0",
      "status" : "draft",
      "name" : "SpecimenStatus",
      "title" : "SpecimenStatus",
      "description" : "Codes providing the status/availability of a specimen.",
      "systems" : ["http://hl7.org/fhir/specimen-status"],
      "oids" : ["2.16.840.1.113883.4.642.3.471"],
      "sources" : ["2.16.840.1.113883.4.642.3.471"],
      "uses" : {
      },
      "StructureDefinition-botswana-amr-specimen.html" : "Botswana AMR Specimen"
    },
    {
      "url" : "http://terminology.hl7.org/ValueSet/v2-0371",
      "version" : "2.0.0",
      "status" : "active",
      "name" : "Hl7VSAdditivePreservative",
      "title" : "hl7VS-additivePreservative",
      "description" : "Concepts specifying any additive introduced to the specimen before or at the time of collection.  These additives may be introduced in order to preserve, maintain or enhance the particular nature or component of the specimen.  Used in Version 2 messaging in the SPM segment.",
      "systems" : ["http://terminology.hl7.org/CodeSystem/v2-0371"],
      "oids" : ["2.16.840.1.113883.21.245"],
      "sources" : ["2.16.840.1.113883.21.245"],
      "uses" : {
      },
      "StructureDefinition-botswana-amr-specimen.html" : "Botswana AMR Specimen"
    },
    {
      "url" : "http://terminology.hl7.org/ValueSet/v2-0493",
      "version" : "2.0.0",
      "status" : "active",
      "name" : "Hl7VSSpecimenCondition",
      "title" : "hl7VS-specimenCondition",
      "description" : "Concepts of modes or states of being that describe the nature of a specimen.  Used in Version 2 messaging in the SPM segment.",
      "systems" : ["http://terminology.hl7.org/CodeSystem/v2-0493"],
      "oids" : ["2.16.840.1.113883.21.333"],
      "sources" : ["2.16.840.1.113883.21.333"],
      "uses" : {
      },
      "StructureDefinition-botswana-amr-specimen.html" : "Botswana AMR Specimen"
    },
    {
      "url" : "http://terminology.hl7.org/ValueSet/v2-0916",
      "version" : "2.0.0",
      "status" : "active",
      "name" : "Hl7VSRelevantClincialInformation",
      "title" : "hl7VS-relevantClincialInformation",
      "description" : "Value Set of codes that specify additional clinical information about the patient or specimen to report the supporting and/or suspected diagnosis and clinical findings on requests for interpreted diagnostic studies.",
      "systems" : ["http://terminology.hl7.org/CodeSystem/v2-0916"],
      "oids" : ["2.16.840.1.113883.21.440"],
      "sources" : ["2.16.840.1.113883.21.440"],
      "uses" : {
      },
      "StructureDefinition-botswana-amr-specimen.html" : "Botswana AMR Specimen"
    }
  ]
}
