{
  "resourceType" : "Bundle",
  "id" : "ad03bb2e-1137-4908-8a24-e992747f0b45",
  "meta" : {
    "lastUpdated" : "2025-06-17T16:57:06.064-04:00"
  },
  "type" : "collection",
  "entry" : [{
    "fullUrl" : "http://example.org/fhir/ImplementationGuide/bw-amr-ig/ValueSet/botswana-amr-antibiotic-susceptibility-loinc",
    "resource" : {
      "resourceType" : "ValueSet",
      "text" : {
        "status" : "generated",
        "div" : "<div xmlns=\"http://www.w3.org/1999/xhtml\"><p class=\"res-header-id\"/><p style=\"border: black 1px dotted; background-color: #EEEEEE; padding: 8px; margin-bottom: 8px\">Expansion from tx.fhir.org based on Loinc v2.80</p><p>This value set contains 40 concepts</p><table class=\"codes\"><tr><td style=\"white-space:nowrap\"><b>Code</b></td><td><b>System</b></td><td><b>Display (en-US)</b></td></tr><tr><td style=\"white-space:nowrap\"><a name=\"x-http://loinc.org-50545-3\"> </a>\u00a0\u00a0<a href=\"https://loinc.org/50545-3/\">50545-3</a></td><td>http://loinc.org</td><td>Bacterial susceptibility panel by Minimum inhibitory concentration (MIC)</td></tr><tr><td style=\"white-space:nowrap\"><a name=\"x-http://loinc.org-12-5\"> </a>\u00a0\u00a0<a href=\"https://loinc.org/12-5/\">12-5</a></td><td>http://loinc.org</td><td>Amikacin [Susceptibility] by Minimum inhibitory concentration (MIC)</td></tr><tr><td style=\"white-space:nowrap\"><a name=\"x-http://loinc.org-20-8\"> </a>\u00a0\u00a0<a href=\"https://loinc.org/20-8/\">20-8</a></td><td>http://loinc.org</td><td>Amoxicillin+Clavulanate [Susceptibility] by Minimum inhibitory concentration (MIC)</td></tr><tr><td style=\"white-space:nowrap\"><a name=\"x-http://loinc.org-28-1\"> </a>\u00a0\u00a0<a href=\"https://loinc.org/28-1/\">28-1</a></td><td>http://loinc.org</td><td>Ampicillin [Susceptibility] by Minimum inhibitory concentration (MIC)</td></tr><tr><td style=\"white-space:nowrap\"><a name=\"x-http://loinc.org-32-3\"> </a>\u00a0\u00a0<a href=\"https://loinc.org/32-3/\">32-3</a></td><td>http://loinc.org</td><td>Ampicillin+Sulbactam [Susceptibility] by Minimum inhibitory concentration (MIC)</td></tr><tr><td style=\"white-space:nowrap\"><a name=\"x-http://loinc.org-36-4\"> </a>\u00a0\u00a0<a href=\"https://loinc.org/36-4/\">36-4</a></td><td>http://loinc.org</td><td>Azithromycin [Susceptibility] by Minimum inhibitory concentration (MIC)</td></tr><tr><td style=\"white-space:nowrap\"><a name=\"x-http://loinc.org-44-8\"> </a>\u00a0\u00a0<a href=\"https://loinc.org/44-8/\">44-8</a></td><td>http://loinc.org</td><td>Aztreonam [Susceptibility] by Minimum inhibitory concentration (MIC)</td></tr><tr><td style=\"white-space:nowrap\"><a name=\"x-http://loinc.org-76-0\"> </a>\u00a0\u00a0<a href=\"https://loinc.org/76-0/\">76-0</a></td><td>http://loinc.org</td><td>ceFAZolin [Susceptibility] by Minimum inhibitory concentration (MIC)</td></tr><tr><td style=\"white-space:nowrap\"><a name=\"x-http://loinc.org-6644-9\"> </a>\u00a0\u00a0<a href=\"https://loinc.org/6644-9/\">6644-9</a></td><td>http://loinc.org</td><td>Cefepime [Susceptibility] by Minimum inhibitory concentration (MIC)</td></tr><tr><td style=\"white-space:nowrap\"><a name=\"x-http://loinc.org-108-1\"> </a>\u00a0\u00a0<a href=\"https://loinc.org/108-1/\">108-1</a></td><td>http://loinc.org</td><td>Cefotaxime [Susceptibility] by Minimum inhibitory concentration (MIC)</td></tr><tr><td style=\"white-space:nowrap\"><a name=\"x-http://loinc.org-112-3\"> </a>\u00a0\u00a0<a href=\"https://loinc.org/112-3/\">112-3</a></td><td>http://loinc.org</td><td>cefoTEtan [Susceptibility] by Minimum inhibitory concentration (MIC)</td></tr><tr><td style=\"white-space:nowrap\"><a name=\"x-http://loinc.org-116-4\"> </a>\u00a0\u00a0<a href=\"https://loinc.org/116-4/\">116-4</a></td><td>http://loinc.org</td><td>cefOXitin [Susceptibility] by Minimum inhibitory concentration (MIC)</td></tr><tr><td style=\"white-space:nowrap\"><a name=\"x-http://loinc.org-133-9\"> </a>\u00a0\u00a0<a href=\"https://loinc.org/133-9/\">133-9</a></td><td>http://loinc.org</td><td>cefTAZidime [Susceptibility] by Minimum inhibitory concentration (MIC)</td></tr><tr><td style=\"white-space:nowrap\"><a name=\"x-http://loinc.org-141-2\"> </a>\u00a0\u00a0<a href=\"https://loinc.org/141-2/\">141-2</a></td><td>http://loinc.org</td><td>cefTRIAXone [Susceptibility] by Minimum inhibitory concentration (MIC)</td></tr><tr><td style=\"white-space:nowrap\"><a name=\"x-http://loinc.org-145-3\"> </a>\u00a0\u00a0<a href=\"https://loinc.org/145-3/\">145-3</a></td><td>http://loinc.org</td><td>Cefuroxime Parenteral [Susceptibility] by Minimum inhibitory concentration (MIC)</td></tr><tr><td style=\"white-space:nowrap\"><a name=\"x-http://loinc.org-161-0\"> </a>\u00a0\u00a0<a href=\"https://loinc.org/161-0/\">161-0</a></td><td>http://loinc.org</td><td>Cephalothin [Susceptibility] by Minimum inhibitory concentration (MIC)</td></tr><tr><td style=\"white-space:nowrap\"><a name=\"x-http://loinc.org-173-5\"> </a>\u00a0\u00a0<a href=\"https://loinc.org/173-5/\">173-5</a></td><td>http://loinc.org</td><td>Chloramphenicol [Susceptibility] by Minimum inhibitory concentration (MIC)</td></tr><tr><td style=\"white-space:nowrap\"><a name=\"x-http://loinc.org-185-9\"> </a>\u00a0\u00a0<a href=\"https://loinc.org/185-9/\">185-9</a></td><td>http://loinc.org</td><td>Ciprofloxacin [Susceptibility] by Minimum inhibitory concentration (MIC)</td></tr><tr><td style=\"white-space:nowrap\"><a name=\"x-http://loinc.org-193-3\"> </a>\u00a0\u00a0<a href=\"https://loinc.org/193-3/\">193-3</a></td><td>http://loinc.org</td><td>Clindamycin [Susceptibility] by Minimum inhibitory concentration (MIC)</td></tr><tr><td style=\"white-space:nowrap\"><a name=\"x-http://loinc.org-205-5\"> </a>\u00a0\u00a0<a href=\"https://loinc.org/205-5/\">205-5</a></td><td>http://loinc.org</td><td>Colistin [Susceptibility] by Minimum inhibitory concentration (MIC)</td></tr><tr><td style=\"white-space:nowrap\"><a name=\"x-http://loinc.org-35801-0\"> </a>\u00a0\u00a0<a href=\"https://loinc.org/35801-0/\">35801-0</a></td><td>http://loinc.org</td><td>Ertapenem [Susceptibility] by Minimum inhibitory concentration (MIC)</td></tr><tr><td style=\"white-space:nowrap\"><a name=\"x-http://loinc.org-233-7\"> </a>\u00a0\u00a0<a href=\"https://loinc.org/233-7/\">233-7</a></td><td>http://loinc.org</td><td>Erythromycin [Susceptibility] by Minimum inhibitory concentration (MIC)</td></tr><tr><td style=\"white-space:nowrap\"><a name=\"x-http://loinc.org-25653-7\"> </a>\u00a0\u00a0<a href=\"https://loinc.org/25653-7/\">25653-7</a></td><td>http://loinc.org</td><td>Fosfomycin [Susceptibility] by Minimum inhibitory concentration (MIC)</td></tr><tr><td style=\"white-space:nowrap\"><a name=\"x-http://loinc.org-262-6\"> </a>\u00a0\u00a0<a href=\"https://loinc.org/262-6/\">262-6</a></td><td>http://loinc.org</td><td>Fusidate [Susceptibility] by Minimum inhibitory concentration (MIC)</td></tr><tr><td style=\"white-space:nowrap\"><a name=\"x-http://loinc.org-267-5\"> </a>\u00a0\u00a0<a href=\"https://loinc.org/267-5/\">267-5</a></td><td>http://loinc.org</td><td>Gentamicin [Susceptibility] by Minimum inhibitory concentration (MIC)</td></tr><tr><td style=\"white-space:nowrap\"><a name=\"x-http://loinc.org-279-0\"> </a>\u00a0\u00a0<a href=\"https://loinc.org/279-0/\">279-0</a></td><td>http://loinc.org</td><td>Imipenem [Susceptibility] by Minimum inhibitory concentration (MIC)</td></tr><tr><td style=\"white-space:nowrap\"><a name=\"x-http://loinc.org-6652-2\"> </a>\u00a0\u00a0<a href=\"https://loinc.org/6652-2/\">6652-2</a></td><td>http://loinc.org</td><td>Meropenem [Susceptibility] by Minimum inhibitory concentration (MIC)</td></tr><tr><td style=\"white-space:nowrap\"><a name=\"x-http://loinc.org-363-2\"> </a>\u00a0\u00a0<a href=\"https://loinc.org/363-2/\">363-2</a></td><td>http://loinc.org</td><td>Nitrofurantoin [Susceptibility] by Minimum inhibitory concentration (MIC)</td></tr><tr><td style=\"white-space:nowrap\"><a name=\"x-http://loinc.org-371-5\"> </a>\u00a0\u00a0<a href=\"https://loinc.org/371-5/\">371-5</a></td><td>http://loinc.org</td><td>Novobiocin [Susceptibility] by Minimum inhibitory concentration (MIC)</td></tr><tr><td style=\"white-space:nowrap\"><a name=\"x-http://loinc.org-383-0\"> </a>\u00a0\u00a0<a href=\"https://loinc.org/383-0/\">383-0</a></td><td>http://loinc.org</td><td>Oxacillin [Susceptibility] by Minimum inhibitory concentration (MIC)</td></tr><tr><td style=\"white-space:nowrap\"><a name=\"x-http://loinc.org-6932-8\"> </a>\u00a0\u00a0<a href=\"https://loinc.org/6932-8/\">6932-8</a></td><td>http://loinc.org</td><td>Penicillin [Susceptibility] by Minimum inhibitory concentration (MIC)</td></tr><tr><td style=\"white-space:nowrap\"><a name=\"x-http://loinc.org-408-5\"> </a>\u00a0\u00a0<a href=\"https://loinc.org/408-5/\">408-5</a></td><td>http://loinc.org</td><td>Piperacillin [Susceptibility] by Minimum inhibitory concentration (MIC)</td></tr><tr><td style=\"white-space:nowrap\"><a name=\"x-http://loinc.org-412-7\"> </a>\u00a0\u00a0<a href=\"https://loinc.org/412-7/\">412-7</a></td><td>http://loinc.org</td><td>Piperacillin+Tazobactam [Susceptibility] by Minimum inhibitory concentration (MIC)</td></tr><tr><td style=\"white-space:nowrap\"><a name=\"x-http://loinc.org-496-0\"> </a>\u00a0\u00a0<a href=\"https://loinc.org/496-0/\">496-0</a></td><td>http://loinc.org</td><td>Tetracycline [Susceptibility] by Minimum inhibitory concentration (MIC)</td></tr><tr><td style=\"white-space:nowrap\"><a name=\"x-http://loinc.org-500-9\"> </a>\u00a0\u00a0<a href=\"https://loinc.org/500-9/\">500-9</a></td><td>http://loinc.org</td><td>Ticarcillin [Susceptibility] by Minimum inhibitory concentration (MIC)</td></tr><tr><td style=\"white-space:nowrap\"><a name=\"x-http://loinc.org-42355-8\"> </a>\u00a0\u00a0<a href=\"https://loinc.org/42355-8/\">42355-8</a></td><td>http://loinc.org</td><td>Tigecycline [Susceptibility] by Minimum inhibitory concentration (MIC)</td></tr><tr><td style=\"white-space:nowrap\"><a name=\"x-http://loinc.org-508-2\"> </a>\u00a0\u00a0<a href=\"https://loinc.org/508-2/\">508-2</a></td><td>http://loinc.org</td><td>Tobramycin [Susceptibility] by Minimum inhibitory concentration (MIC)</td></tr><tr><td style=\"white-space:nowrap\"><a name=\"x-http://loinc.org-512-4\"> </a>\u00a0\u00a0<a href=\"https://loinc.org/512-4/\">512-4</a></td><td>http://loinc.org</td><td>Trimethoprim [Susceptibility] by Minimum inhibitory concentration (MIC)</td></tr><tr><td style=\"white-space:nowrap\"><a name=\"x-http://loinc.org-516-5\"> </a>\u00a0\u00a0<a href=\"https://loinc.org/516-5/\">516-5</a></td><td>http://loinc.org</td><td>Trimethoprim+Sulfamethoxazole [Susceptibility] by Minimum inhibitory concentration (MIC)</td></tr><tr><td style=\"white-space:nowrap\"><a name=\"x-http://loinc.org-524-9\"> </a>\u00a0\u00a0<a href=\"https://loinc.org/524-9/\">524-9</a></td><td>http://loinc.org</td><td>Vancomycin [Susceptibility] by Minimum inhibitory concentration (MIC)</td></tr></table></div>"
      },
      "url" : "http://example.org/fhir/ImplementationGuide/bw-amr-ig/ValueSet/botswana-amr-antibiotic-susceptibility-loinc",
      "version" : "0.1.0",
      "name" : "BotswanaAMRAntibioticSusceptibilityLOINC",
      "title" : "Botswana AMR Antibiotic Susceptibility LOINC",
      "status" : "draft",
      "date" : "2025-06-17T16:56:51-04:00",
      "expansion" : {
        "identifier" : "urn:uuid:2100d4de-45be-4641-88a1-73bb2f4bf0b5",
        "timestamp" : "2025-06-17T16:57:15-04:00",
        "total" : 40,
        "offset" : 0,
        "parameter" : [{
          "name" : "displayLanguage",
          "valueCode" : "en-US"
        },
        {
          "name" : "count",
          "valueInteger" : 1000
        },
        {
          "name" : "offset",
          "valueInteger" : 0
        },
        {
          "name" : "excludeNested",
          "valueBoolean" : false
        },
        {
          "name" : "used-valueset",
          "valueUri" : "null"
        },
        {
          "name" : "used-codesystem",
          "valueUri" : "http://loinc.org|2.80"
        },
        {
          "name" : "version",
          "valueUri" : "http://loinc.org|2.80"
        }],
        "contains" : [{
          "system" : "http://loinc.org",
          "code" : "50545-3",
          "display" : "Bacterial susceptibility panel by Minimum inhibitory concentration (MIC)"
        },
        {
          "system" : "http://loinc.org",
          "code" : "12-5",
          "display" : "Amikacin [Susceptibility] by Minimum inhibitory concentration (MIC)"
        },
        {
          "system" : "http://loinc.org",
          "code" : "20-8",
          "display" : "Amoxicillin+Clavulanate [Susceptibility] by Minimum inhibitory concentration (MIC)"
        },
        {
          "system" : "http://loinc.org",
          "code" : "28-1",
          "display" : "Ampicillin [Susceptibility] by Minimum inhibitory concentration (MIC)"
        },
        {
          "system" : "http://loinc.org",
          "code" : "32-3",
          "display" : "Ampicillin+Sulbactam [Susceptibility] by Minimum inhibitory concentration (MIC)"
        },
        {
          "system" : "http://loinc.org",
          "code" : "36-4",
          "display" : "Azithromycin [Susceptibility] by Minimum inhibitory concentration (MIC)"
        },
        {
          "system" : "http://loinc.org",
          "code" : "44-8",
          "display" : "Aztreonam [Susceptibility] by Minimum inhibitory concentration (MIC)"
        },
        {
          "system" : "http://loinc.org",
          "code" : "76-0",
          "display" : "ceFAZolin [Susceptibility] by Minimum inhibitory concentration (MIC)"
        },
        {
          "system" : "http://loinc.org",
          "code" : "6644-9",
          "display" : "Cefepime [Susceptibility] by Minimum inhibitory concentration (MIC)"
        },
        {
          "system" : "http://loinc.org",
          "code" : "108-1",
          "display" : "Cefotaxime [Susceptibility] by Minimum inhibitory concentration (MIC)"
        },
        {
          "system" : "http://loinc.org",
          "code" : "112-3",
          "display" : "cefoTEtan [Susceptibility] by Minimum inhibitory concentration (MIC)"
        },
        {
          "system" : "http://loinc.org",
          "code" : "116-4",
          "display" : "cefOXitin [Susceptibility] by Minimum inhibitory concentration (MIC)"
        },
        {
          "system" : "http://loinc.org",
          "code" : "133-9",
          "display" : "cefTAZidime [Susceptibility] by Minimum inhibitory concentration (MIC)"
        },
        {
          "system" : "http://loinc.org",
          "code" : "141-2",
          "display" : "cefTRIAXone [Susceptibility] by Minimum inhibitory concentration (MIC)"
        },
        {
          "system" : "http://loinc.org",
          "code" : "145-3",
          "display" : "Cefuroxime Parenteral [Susceptibility] by Minimum inhibitory concentration (MIC)"
        },
        {
          "system" : "http://loinc.org",
          "code" : "161-0",
          "display" : "Cephalothin [Susceptibility] by Minimum inhibitory concentration (MIC)"
        },
        {
          "system" : "http://loinc.org",
          "code" : "173-5",
          "display" : "Chloramphenicol [Susceptibility] by Minimum inhibitory concentration (MIC)"
        },
        {
          "system" : "http://loinc.org",
          "code" : "185-9",
          "display" : "Ciprofloxacin [Susceptibility] by Minimum inhibitory concentration (MIC)"
        },
        {
          "system" : "http://loinc.org",
          "code" : "193-3",
          "display" : "Clindamycin [Susceptibility] by Minimum inhibitory concentration (MIC)"
        },
        {
          "system" : "http://loinc.org",
          "code" : "205-5",
          "display" : "Colistin [Susceptibility] by Minimum inhibitory concentration (MIC)"
        },
        {
          "system" : "http://loinc.org",
          "code" : "35801-0",
          "display" : "Ertapenem [Susceptibility] by Minimum inhibitory concentration (MIC)"
        },
        {
          "system" : "http://loinc.org",
          "code" : "233-7",
          "display" : "Erythromycin [Susceptibility] by Minimum inhibitory concentration (MIC)"
        },
        {
          "system" : "http://loinc.org",
          "code" : "25653-7",
          "display" : "Fosfomycin [Susceptibility] by Minimum inhibitory concentration (MIC)"
        },
        {
          "system" : "http://loinc.org",
          "code" : "262-6",
          "display" : "Fusidate [Susceptibility] by Minimum inhibitory concentration (MIC)"
        },
        {
          "system" : "http://loinc.org",
          "code" : "267-5",
          "display" : "Gentamicin [Susceptibility] by Minimum inhibitory concentration (MIC)"
        },
        {
          "system" : "http://loinc.org",
          "code" : "279-0",
          "display" : "Imipenem [Susceptibility] by Minimum inhibitory concentration (MIC)"
        },
        {
          "system" : "http://loinc.org",
          "code" : "6652-2",
          "display" : "Meropenem [Susceptibility] by Minimum inhibitory concentration (MIC)"
        },
        {
          "system" : "http://loinc.org",
          "code" : "363-2",
          "display" : "Nitrofurantoin [Susceptibility] by Minimum inhibitory concentration (MIC)"
        },
        {
          "system" : "http://loinc.org",
          "code" : "371-5",
          "display" : "Novobiocin [Susceptibility] by Minimum inhibitory concentration (MIC)"
        },
        {
          "system" : "http://loinc.org",
          "code" : "383-0",
          "display" : "Oxacillin [Susceptibility] by Minimum inhibitory concentration (MIC)"
        },
        {
          "system" : "http://loinc.org",
          "code" : "6932-8",
          "display" : "Penicillin [Susceptibility] by Minimum inhibitory concentration (MIC)"
        },
        {
          "system" : "http://loinc.org",
          "code" : "408-5",
          "display" : "Piperacillin [Susceptibility] by Minimum inhibitory concentration (MIC)"
        },
        {
          "system" : "http://loinc.org",
          "code" : "412-7",
          "display" : "Piperacillin+Tazobactam [Susceptibility] by Minimum inhibitory concentration (MIC)"
        },
        {
          "system" : "http://loinc.org",
          "code" : "496-0",
          "display" : "Tetracycline [Susceptibility] by Minimum inhibitory concentration (MIC)"
        },
        {
          "system" : "http://loinc.org",
          "code" : "500-9",
          "display" : "Ticarcillin [Susceptibility] by Minimum inhibitory concentration (MIC)"
        },
        {
          "system" : "http://loinc.org",
          "code" : "42355-8",
          "display" : "Tigecycline [Susceptibility] by Minimum inhibitory concentration (MIC)"
        },
        {
          "system" : "http://loinc.org",
          "code" : "508-2",
          "display" : "Tobramycin [Susceptibility] by Minimum inhibitory concentration (MIC)"
        },
        {
          "system" : "http://loinc.org",
          "code" : "512-4",
          "display" : "Trimethoprim [Susceptibility] by Minimum inhibitory concentration (MIC)"
        },
        {
          "system" : "http://loinc.org",
          "code" : "516-5",
          "display" : "Trimethoprim+Sulfamethoxazole [Susceptibility] by Minimum inhibitory concentration (MIC)"
        },
        {
          "system" : "http://loinc.org",
          "code" : "524-9",
          "display" : "Vancomycin [Susceptibility] by Minimum inhibitory concentration (MIC)"
        }]
      }
    }
  },
  {
    "fullUrl" : "http://example.org/fhir/ImplementationGuide/bw-amr-ig/ValueSet/botswana-amr-interpretation",
    "resource" : {
      "resourceType" : "ValueSet",
      "text" : {
        "status" : "generated",
        "div" : "<div xmlns=\"http://www.w3.org/1999/xhtml\"><p class=\"res-header-id\"/><p style=\"border: black 1px dotted; background-color: #EEEEEE; padding: 8px; margin-bottom: 8px\">Expansion performed internally based on <a href=\"http://terminology.hl7.org/6.4.0/CodeSystem-v3-ObservationInterpretation.html\">codesystem ObservationInterpretation v3.0.0 (CodeSystem)</a></p><p>This value set contains 3 concepts</p><table class=\"codes\"><tr><td style=\"white-space:nowrap\"><b>Code</b></td><td><b>System</b></td><td><b>Display (en-US)</b></td><td><b>Definition</b></td></tr><tr><td style=\"white-space:nowrap\"><a name=\"x-http://terminology.hl7.org/CodeSystem/v3-ObservationInterpretation-S\"> </a>\u00a0\u00a0<a href=\"http://terminology.hl7.org/6.4.0/CodeSystem-v3-ObservationInterpretation.html#v3-ObservationInterpretation-S\">S</a></td><td>http://terminology.hl7.org/CodeSystem/v3-ObservationInterpretation</td><td>Susceptible</td><td><div><p>Bacterial strain inhibited by in vitro concentration of an antimicrobial agent that is associated with a high likelihood of therapeutic success. Reference: CLSI (http://www.clsi.org/Content/NavigationMenu/Resources/HarmonizedTerminologyDatabase/Harmonized_Terminolo.htm) Synonym (earlier term): Sensitive Projects: ISO 20776-1, ISO 20776-2</p>\n<p>[Note 1: Bacterial strains are categorized as susceptible by applying the appropriate breakpoints in a defined phenotypic system.]</p>\n<p>[Note 2: This breakpoint can be altered due to changes in circumstances (e.g., changes in commonly used drug dosages, emergence of new resistance mechanisms).]</p>\n</div></td></tr><tr><td style=\"white-space:nowrap\"><a name=\"x-http://terminology.hl7.org/CodeSystem/v3-ObservationInterpretation-I\"> </a>\u00a0\u00a0<a href=\"http://terminology.hl7.org/6.4.0/CodeSystem-v3-ObservationInterpretation.html#v3-ObservationInterpretation-I\">I</a></td><td>http://terminology.hl7.org/CodeSystem/v3-ObservationInterpretation</td><td>Intermediate</td><td><div><p>Bacterial strain inhibited in vitro by a concentration of an antimicrobial agent that is associated with uncertain therapeutic effect. Reference: CLSI (http://www.clsi.org/Content/NavigationMenu/Resources/HarmonizedTerminologyDatabase/Harmonized_Terminolo.htm) Projects: ISO 20776-1, ISO 20776-2</p>\n<p>[Note 1: Bacterial strains are categorized as intermediate by applying the appropriate breakpoints in a defined phenotypic test system.]</p>\n<p>[Note 2: This class of susceptibility implies that an infection due to the isolate can be appropriately treated in body sites where the drugs are physiologically concentrated or when a high dosage of drug can be used.]</p>\n<p>[Note 3: This class also indicates a &quot;buffer zone,&quot; to prevent small, uncontrolled, technical factors from causing major discrepancies in interpretations.]</p>\n<p>[Note 4: These breakpoints can be altered due to changes in circumstances (e.g., changes in commonly used drug dosages, emergence of new resistance mechanisms).]</p>\n</div></td></tr><tr><td style=\"white-space:nowrap\"><a name=\"x-http://terminology.hl7.org/CodeSystem/v3-ObservationInterpretation-R\"> </a>\u00a0\u00a0<a href=\"http://terminology.hl7.org/6.4.0/CodeSystem-v3-ObservationInterpretation.html#v3-ObservationInterpretation-R\">R</a></td><td>http://terminology.hl7.org/CodeSystem/v3-ObservationInterpretation</td><td>Resistant</td><td><div><p>Bacterial strain inhibited in vitro by a concentration of an antimicrobial agent that is associated with a high likelihood of therapeutic failure. Reference: CLSI (http://www.clsi.org/Content/NavigationMenu/Resources/HarmonizedTerminologyDatabase/Harmonized_Terminolo.htm) Projects: ISO 20776-1, ISO 20776-2</p>\n<p>[Note 1: Bacterial strains are categorized as resistant by applying the appropriate breakpoints in a defined phenotypic test system.]</p>\n<p>[Note 2: This breakpoint can be altered due to changes in circumstances (e.g., changes in commonly used drug dosages, emergence of new resistance mechanisms).]</p>\n</div></td></tr></table></div>"
      },
      "url" : "http://example.org/fhir/ImplementationGuide/bw-amr-ig/ValueSet/botswana-amr-interpretation",
      "version" : "0.1.0",
      "name" : "BotswanaAMRInterpretation",
      "title" : "Botswana AMR Interpretation",
      "status" : "draft",
      "date" : "2025-06-17T16:56:51-04:00",
      "expansion" : {
        "identifier" : "urn:uuid:0a94b8de-2535-420d-bf7c-3db975b8779d",
        "timestamp" : "2025-06-17T16:57:16-04:00",
        "total" : 3,
        "offset" : 0,
        "parameter" : [{
          "name" : "displayLanguage",
          "valueCode" : "en-US"
        },
        {
          "name" : "count",
          "valueInteger" : 1000
        },
        {
          "name" : "offset",
          "valueInteger" : 0
        },
        {
          "name" : "excludeNested",
          "valueBoolean" : false
        },
        {
          "name" : "used-codesystem",
          "valueUri" : "http://terminology.hl7.org/CodeSystem/v3-ObservationInterpretation|3.0.0"
        }],
        "contains" : [{
          "system" : "http://terminology.hl7.org/CodeSystem/v3-ObservationInterpretation",
          "code" : "S",
          "display" : "Susceptible"
        },
        {
          "system" : "http://terminology.hl7.org/CodeSystem/v3-ObservationInterpretation",
          "code" : "I",
          "display" : "Intermediate"
        },
        {
          "system" : "http://terminology.hl7.org/CodeSystem/v3-ObservationInterpretation",
          "code" : "R",
          "display" : "Resistant"
        }]
      }
    }
  },
  {
    "fullUrl" : "http://example.org/fhir/ImplementationGuide/bw-amr-ig/ValueSet/botswana-amr-specimen-type-vs",
    "resource" : {
      "resourceType" : "ValueSet",
      "text" : {
        "status" : "generated",
        "div" : "<div xmlns=\"http://www.w3.org/1999/xhtml\"><p class=\"res-header-id\"/><p style=\"border: black 1px dotted; background-color: #EEEEEE; padding: 8px; margin-bottom: 8px\">Expansion performed internally based on <a href=\"http://terminology.hl7.org/6.4.0/CodeSystem-v3-SpecimenType.html\">codesystem SpecimenType v3.0.0 (CodeSystem)</a></p><p>This value set contains 7 concepts</p><table class=\"codes\"><tr><td style=\"white-space:nowrap\"><b>Code</b></td><td><b>System</b></td><td><b>Display (en-US)</b></td></tr><tr><td style=\"white-space:nowrap\"><a name=\"x-http://terminology.hl7.org/CodeSystem/v3-SpecimenType-BLD\"> </a>\u00a0\u00a0<a href=\"http://terminology.hl7.org/6.4.0/CodeSystem-v3-SpecimenType.html#v3-SpecimenType-BLD\">BLD</a></td><td>http://terminology.hl7.org/CodeSystem/v3-SpecimenType</td><td>Whole blood</td></tr><tr><td style=\"white-space:nowrap\"><a name=\"x-http://terminology.hl7.org/CodeSystem/v3-SpecimenType-CSF\"> </a>\u00a0\u00a0<a href=\"http://terminology.hl7.org/6.4.0/CodeSystem-v3-SpecimenType.html#v3-SpecimenType-CSF\">CSF</a></td><td>http://terminology.hl7.org/CodeSystem/v3-SpecimenType</td><td>Cerebrospinal fluid</td></tr><tr><td style=\"white-space:nowrap\"><a name=\"x-http://terminology.hl7.org/CodeSystem/v3-SpecimenType-GEN\"> </a>\u00a0\u00a0<a href=\"http://terminology.hl7.org/6.4.0/CodeSystem-v3-SpecimenType.html#v3-SpecimenType-GEN\">GEN</a></td><td>http://terminology.hl7.org/CodeSystem/v3-SpecimenType</td><td>Genital</td></tr><tr><td style=\"white-space:nowrap\"><a name=\"x-http://terminology.hl7.org/CodeSystem/v3-SpecimenType-STL\"> </a>\u00a0\u00a0<a href=\"http://terminology.hl7.org/6.4.0/CodeSystem-v3-SpecimenType.html#v3-SpecimenType-STL\">STL</a></td><td>http://terminology.hl7.org/CodeSystem/v3-SpecimenType</td><td>Stool</td></tr><tr><td style=\"white-space:nowrap\"><a name=\"x-http://terminology.hl7.org/CodeSystem/v3-SpecimenType-UR\"> </a>\u00a0\u00a0<a href=\"http://terminology.hl7.org/6.4.0/CodeSystem-v3-SpecimenType.html#v3-SpecimenType-UR\">UR</a></td><td>http://terminology.hl7.org/CodeSystem/v3-SpecimenType</td><td>Urine</td></tr><tr><td style=\"white-space:nowrap\"><a name=\"x-http://terminology.hl7.org/CodeSystem/v3-SpecimenType-PUS\"> </a>\u00a0\u00a0<a href=\"http://terminology.hl7.org/6.4.0/CodeSystem-v3-SpecimenType.html#v3-SpecimenType-PUS\">PUS</a></td><td>http://terminology.hl7.org/CodeSystem/v3-SpecimenType</td><td>Pus</td></tr><tr><td style=\"white-space:nowrap\"><a name=\"x-http://terminology.hl7.org/CodeSystem/v3-SpecimenType-SPT\"> </a>\u00a0\u00a0<a href=\"http://terminology.hl7.org/6.4.0/CodeSystem-v3-SpecimenType.html#v3-SpecimenType-SPT\">SPT</a></td><td>http://terminology.hl7.org/CodeSystem/v3-SpecimenType</td><td>Sputum</td></tr></table></div>"
      },
      "url" : "http://example.org/fhir/ImplementationGuide/bw-amr-ig/ValueSet/botswana-amr-specimen-type-vs",
      "version" : "0.1.0",
      "name" : "BotswanaAMRSpecimenTypeVS",
      "title" : "Botswana AMR Specimen Type VS",
      "status" : "draft",
      "date" : "2025-06-17T16:56:51-04:00",
      "expansion" : {
        "identifier" : "urn:uuid:52b7271a-5daa-4e32-bf76-c15ea3788827",
        "timestamp" : "2025-06-17T16:57:16-04:00",
        "total" : 7,
        "offset" : 0,
        "parameter" : [{
          "name" : "displayLanguage",
          "valueCode" : "en-US"
        },
        {
          "name" : "count",
          "valueInteger" : 1000
        },
        {
          "name" : "offset",
          "valueInteger" : 0
        },
        {
          "name" : "excludeNested",
          "valueBoolean" : false
        },
        {
          "name" : "used-codesystem",
          "valueUri" : "http://terminology.hl7.org/CodeSystem/v3-SpecimenType|3.0.0"
        }],
        "contains" : [{
          "system" : "http://terminology.hl7.org/CodeSystem/v3-SpecimenType",
          "code" : "BLD",
          "display" : "Whole blood"
        },
        {
          "system" : "http://terminology.hl7.org/CodeSystem/v3-SpecimenType",
          "code" : "CSF",
          "display" : "Cerebrospinal fluid"
        },
        {
          "system" : "http://terminology.hl7.org/CodeSystem/v3-SpecimenType",
          "code" : "GEN",
          "display" : "Genital"
        },
        {
          "system" : "http://terminology.hl7.org/CodeSystem/v3-SpecimenType",
          "code" : "STL",
          "display" : "Stool"
        },
        {
          "system" : "http://terminology.hl7.org/CodeSystem/v3-SpecimenType",
          "code" : "UR",
          "display" : "Urine"
        },
        {
          "system" : "http://terminology.hl7.org/CodeSystem/v3-SpecimenType",
          "code" : "PUS",
          "display" : "Pus"
        },
        {
          "system" : "http://terminology.hl7.org/CodeSystem/v3-SpecimenType",
          "code" : "SPT",
          "display" : "Sputum"
        }]
      }
    }
  }]
}